Screen Name,Date,Tweet Text,Compound Score,Postive Score,Neutral Score,Negative Score,Tweet Number
BBC,Wed Nov 06 18:01:07 +0000 2019,"‚ÄòI still got pregnant even though I took the morning-after pill.'
üëâ https://t.co/eXSceee6Jy https://t.co/7YUtmM9198",0.0,0.0,1.0,0.0,1
BBC,Wed Nov 06 16:09:05 +0000 2019,"RT @BBCCiN: The Annual Duck Race Sweepstake for #ChildrenInNeed is back!ü¶Ü

That's right! It's time to pick your duck and download your free‚Ä¶",0.0,0.0,1.0,0.0,2
BBC,Wed Nov 06 15:59:00 +0000 2019,"Here are some top tips on how to avoid being scammed by online romance fraudsters.

@msm4rsh and @AshleyJBaptiste i‚Ä¶ https://t.co/CY5nYPIEG1",-0.052,0.2,0.593,0.207,3
BBC,Wed Nov 06 14:01:04 +0000 2019,"Obsessed with #HisDarkMaterials on @BBCOne? There's a podcast for you... ‚ú®
Listen on @BBCSounds for a special inter‚Ä¶ https://t.co/DrPSoAymvv",0.511,0.242,0.676,0.082,4
BBC,Wed Nov 06 13:01:07 +0000 2019,"No, it's not a perm - and no, you can't touch it!  üôÖ‚Äç‚ôÄÔ∏è
https://t.co/7lt5k7G8by",-0.548,0.103,0.601,0.296,5
BBC,Wed Nov 06 11:46:28 +0000 2019,"RT @BBCiPlayer: There‚Äôs nothing funny about vampires, apparently. #WastedOnSome https://t.co/qyHRxnsgH1",-0.341,0.0,0.789,0.211,6
BBC,Wed Nov 06 09:01:01 +0000 2019,"""I can't deal with this!""  ü§£

@RobBeckettComic &amp; @Grimmers completely lost it on the Overthinkers Hotline... üòÇ
https://t.co/UqJA4gr7z2",0.586,0.216,0.651,0.133,7
BBC,Wed Nov 06 07:01:03 +0000 2019,"""I'm not really sure where I'd be if it wasn't for my teachers."" 

Jimmy will never forget what they did for him gr‚Ä¶ https://t.co/zU3Iis2Ra6",-0.131,0.064,0.851,0.084,8
BBC,Tue Nov 05 20:01:06 +0000 2019,"Brand new #LiveAtTheApollo starts tonight, hosted by @tomallencomedy and with sets from @josierones and @KaeKurd.‚Ä¶ https://t.co/FcSSfNxGOC",0.0,0.0,1.0,0.0,9
BBC,Tue Nov 05 19:01:07 +0000 2019,"The hunt for a chef who wants to make it to the top of the culinary world returns... üôåüçΩ
#MasterChefTheProfessionals‚Ä¶ https://t.co/valznc2Z2X",0.202,0.087,0.913,0.0,10
BBC,Tue Nov 05 16:46:58 +0000 2019,"RT @bbcbitesize: Do you have a #pug? Do you want to send them into space?...Kind of.

Share a photo of your #pug for a chance to be feature‚Ä¶",0.594,0.21,0.79,0.0,11
BBC,Tue Nov 05 14:15:33 +0000 2019,"RT @BBCCiN: Get together for The Annual Duck Race Sweepstake üê§üèÅ

Download your free sweepstake kit now 

Watch live | 1PM | Friday 15 Novem‚Ä¶",0.511,0.13,0.87,0.0,12
BBC,Tue Nov 05 14:01:05 +0000 2019,"Who exactly was Guy Fawkes? üéá
#BonfireNight #GuyFawkesNight
https://t.co/38uwIjwTZ1",0.0,0.0,1.0,0.0,13
BBC,Tue Nov 05 10:08:01 +0000 2019,"This is the effect fireworks can have on a dog.
#BonfireNight #GuyFawkesNight 
https://t.co/inK5CPQ7kJ",0.0,0.0,1.0,0.0,14
BBC,Tue Nov 05 09:01:02 +0000 2019,"What's the craic?

#DublinMurders stars Sarah Greene and Tom Vaughan-Lawlor are here to teach you some Irish slang.‚Ä¶ https://t.co/8lk5aqJ69Q",0.0,0.0,1.0,0.0,15
BBC,Tue Nov 05 07:01:01 +0000 2019,"What's the real reason bears scratch their backs against trees?  üêªüå≥ü§î
#MeetTheBears | Streaming now on @BBCiPlayer.
https://t.co/lmuF62vdpw",-0.052,0.0,0.93,0.07,16
BBC,Mon Nov 04 18:01:07 +0000 2019,There was a tearful reunion when 92-year-old Melpomeni Dina met with two Jewish siblings she helped save from the N‚Ä¶ https://t.co/0O8sDPWykK,0.494,0.144,0.856,0.0,17
BBC,Mon Nov 04 17:01:10 +0000 2019,"Nature's answer to Jackson Pollock anyone? üí©üêß

#SevenWorldsOnePlanet
https://t.co/m0C03vdi5u",0.0,0.0,1.0,0.0,18
BBC,Mon Nov 04 13:49:49 +0000 2019,"RT @BBCCiN: üì£ Did you hear the news?! üì£

The one and only @Louis_Tomlinson will be performing on this year's #ChildrenInNeed Appeal Show! üôå‚Ä¶",0.0,0.0,1.0,0.0,19
BBC,Mon Nov 04 13:49:31 +0000 2019,"RT @BBCRadio2: On Wednesday 6th November, the Zoe Ball Breakfast Show on BBC Radio 2 (6:30-9:30am GMT) will broadcast the world exclusive f‚Ä¶",0.128,0.067,0.933,0.0,20
BBC,Mon Nov 04 13:01:02 +0000 2019,Know your Smelly Cat from your left phalange? See if you can beat Jennifer Aniston at the Ultimate Friends Quiz‚Ä¶‚Ä¶ https://t.co/VO4N6Qebf9,0.477,0.134,0.866,0.0,21
BBC,Mon Nov 04 10:42:01 +0000 2019,It‚Äôs the second year in a row that the #BTS #ARMY have won #EMABiggestFans... https://t.co/BwffPDnkJu,0.572,0.222,0.778,0.0,22
BBC,Mon Nov 04 10:35:11 +0000 2019,".@BTS_twt were the big winners of the 2019 #EMAs, being crowned best group, best live act, and the #BTS #ARMY winni‚Ä¶ https://t.co/0R0jJbTijg",0.91,0.377,0.623,0.0,23
BBC,Mon Nov 04 09:01:05 +0000 2019,"""This thing is growing at an exponential rate!""

Who Are the #FlatEarthers? | Streaming now on @BBCiPlayer.
https://t.co/loEz4TwXjd",0.248,0.111,0.889,0.0,24
BBC,Mon Nov 04 07:01:04 +0000 2019,"After thirteen years held captive, Ivy Moxam finally makes her daring escape. 

@JodieComer stars in #Thirteen |‚Ä¶ https://t.co/bJ6eRK4ts3",0.494,0.208,0.792,0.0,25
BBC,Sun Nov 03 19:01:04 +0000 2019,"‚ú® It's almost time for the first episode of #HisDarkMaterials, an adaptation of Philip Pullman‚Äôs best-selling fanta‚Ä¶ https://t.co/IkPbCSSqLF",0.318,0.119,0.881,0.0,26
BBC,Sun Nov 03 17:01:04 +0000 2019,"Tonight #SevenWorldsOnePlanet explores Asia - where rarely seen animals roam the hottest deserts, tallest jungles a‚Ä¶ https://t.co/X1hOzD4UyF",0.0,0.0,1.0,0.0,27
BBC,Sun Nov 03 15:22:58 +0000 2019,"RT @BBCSounds: ""Money just shouldn't be in the equation, especially when it comes to things like HIV...""

@JVN gives a passionate explanati‚Ä¶",0.71,0.237,0.763,0.0,28
BBC,Sun Nov 03 15:22:21 +0000 2019,"RT @BBCRadio2: ""One of the biggest British bands... EVER!""

That's how our @Fearnecotton introduced UK chart-toppers @Stereophonics on stag‚Ä¶",0.0,0.0,1.0,0.0,29
BBC,Sun Nov 03 14:01:03 +0000 2019,"Do we think differently in different languages?  üí¨üó£
https://t.co/ggN07nRcGx",0.0,0.0,1.0,0.0,30
BBC,Sun Nov 03 12:01:03 +0000 2019,"Would love to see Kerry on #TheApprentice. üíºüí∞
#ThisCountry | Streaming now on @BBCThree.
https://t.co/UiyBvnmet7",0.637,0.244,0.756,0.0,31
BBC,Sun Nov 03 11:01:11 +0000 2019,"How pianos became part of the furniture at UK railway stations.  üé∂üöÇ
üëâ https://t.co/I8Ys2R0ifP https://t.co/kzvNKdKkZP",0.0,0.0,1.0,0.0,32
BBC,Sun Nov 03 10:01:06 +0000 2019,"SO many people came together to be part of Suranne Jones' #GotItCovered @CleanBandit cover for @BBCCiN!  üôå
Streamin‚Ä¶ https://t.co/JWzxnFn3Ln",0.0,0.0,1.0,0.0,33
BBC,Sun Nov 03 09:01:02 +0000 2019,"Coming up on @bbc5live today: #PalacevLeicester and #EvertonvSpurs. ‚öΩÔ∏è
#5LivePremSunday #PALLEI #EVETOT
üëâ‚Ä¶ https://t.co/Me8dCHTGzD",0.0,0.0,1.0,0.0,34
BBC,Sat Nov 02 18:01:07 +0000 2019,"Is the screen you're looking at right now making you age faster?  üì±
https://t.co/wY8QwNNtiA",0.0,0.0,1.0,0.0,35
BBC,Sat Nov 02 16:01:06 +0000 2019,That moment when @BBCDoctorWho's Jodie Whittaker was surprised by her @Coldplay heroes - Jonny Buckland and Will Ch‚Ä¶ https://t.co/9auoq0am8w,0.637,0.245,0.755,0.0,36
BBC,Sat Nov 02 15:01:04 +0000 2019,"""I'm having more fun making music!"" üíï 

@Harry_Styles tells @GregJames about #WatermelonSugar, his album and when w‚Ä¶ https://t.co/X3vmAaBwa1",0.597,0.178,0.822,0.0,37
BBC,Sat Nov 02 14:01:06 +0000 2019,"""Girl, why are you using so much shampoo!?"" üòÇ

Is this the most stressed out we've ever seen @JVN? üò¨
https://t.co/piMSq0bpef",-0.43,0.114,0.658,0.229,38
BBC,Sat Nov 02 13:01:07 +0000 2019,"Redwoods could be the solution to the climate crisis, but they‚Äôre under threat. üå≤üíî 
#TheAmericas with @simon_reeve‚Ä¶ https://t.co/Kz3nuUs3sT",-0.758,0.069,0.63,0.3,39
BBC,Sat Nov 02 12:01:04 +0000 2019,"Some weird and wonderful facts about teeth! üòÅ
https://t.co/SnUVzMiCO8",0.742,0.374,0.535,0.091,40
BBC,Sat Nov 02 11:01:02 +0000 2019,"Believe it or not, there was a time when motorway services were the height of cool‚Ä¶ üöô
https://t.co/gRtvdR8gbR",0.0,0.0,1.0,0.0,41
BBC,Sat Nov 02 10:01:06 +0000 2019,"Innes was born 4 months premature and is fighting for his life.
#TinyLives is now streaming on @BBCiPlayer.
https://t.co/rX4fvQrbtZ",-0.361,0.0,0.872,0.128,42
BBC,Sat Nov 02 07:01:05 +0000 2019,"It's #RugbyWorldCupFinal day!   üôå üèâüèÜ
Live build up of #ENGvRSA has kicked off on @bbc5live, with match commentary f‚Ä¶ https://t.co/kD1QUN84GQ",0.0,0.0,1.0,0.0,43
BBC,Fri Nov 01 20:01:07 +0000 2019,"It's another incredible sofa line up for @grahnort as he's joined by @IanMcKellen, @JulieAndrews, Jennifer Aniston,‚Ä¶ https://t.co/GZRFvDoOf5",0.0,0.0,1.0,0.0,44
BBC,Fri Nov 01 18:01:05 +0000 2019,"Tributes have been paid to Pumpkin, the most popular raccoon on Instagram, after she died at the age of four.
üëâ‚Ä¶ https://t.co/4zEOfreZbx",-0.13,0.116,0.749,0.135,45
BBC,Fri Nov 01 17:01:05 +0000 2019,"Oops.  üôä 
#Fleabag | Streaming now on @BBCThree.
https://t.co/MEMn0bOpTL",0.0,0.0,1.0,0.0,46
BBC,Fri Nov 01 14:24:44 +0000 2019,RT @HackerTDog: Get the #FridayFeeling by watching my top notch film with YouTuber @KimEnsonTV. I learn a foreign language. Watch the whole‚Ä¶,0.202,0.087,0.913,0.0,47
BBC,Fri Nov 01 14:01:04 +0000 2019,A waiter lost his job after asking for a selfie with Dame Emma Thompson. What's the etiquette for photos with celeb‚Ä¶ https://t.co/WnvX5LnWKo,-0.318,0.0,0.892,0.108,48
BBC,Fri Nov 01 13:01:07 +0000 2019,"Tilly lost both hands after contracting meningitis. Here‚Äôs how new bionic hands are giving her immense freedom. ‚ù§Ô∏è
https://t.co/sBzKIgl2XI",0.649,0.255,0.656,0.089,49
BBC,Fri Nov 01 12:01:04 +0000 2019,"""Hasta la vista, baby!"" 

What's your favourite Arnold @Schwarzenegger one-liner?  üëä
Watch @AliPlumb chat to him in‚Ä¶ https://t.co/iD7ILfYlVU",0.0,0.0,1.0,0.0,50
BBC,Fri Nov 01 09:01:05 +0000 2019,"Here's what happened when Will Sharpe taught Kelly MacDonald some unique Japanese phrases... üáØüáµüòÇ #GiriHaji
https://t.co/z5Ydx7yg9U",0.0,0.0,1.0,0.0,51
BBC,Fri Nov 01 08:01:06 +0000 2019,"How to live a longer (and healthier) life: Nine simple tips from @BBCWomansHour.  üßò‚Äç‚ôÄÔ∏è
üëâ https://t.co/Y0XDlf3NwK https://t.co/Ux2IHA7brA",0.0,0.0,1.0,0.0,52
BBC,Fri Nov 01 07:01:03 +0000 2019,"As the first port of call for over 150 patients, junior doctor Sofia is feeling the pressure on her first ever nigh‚Ä¶ https://t.co/ThWMpjQ48Z",-0.178,0.061,0.85,0.089,53
BBC,Thu Oct 31 21:01:04 +0000 2019,"""Try and stay calm. You're doing very well.‚Äù  ü¶á

#Dracula is a chilling new series from the creators of Sherlock ‚Äì‚Ä¶ https://t.co/UfCvUxWF9J",0.296,0.103,0.848,0.049,54
BBC,Thu Oct 31 19:01:02 +0000 2019,"It's another brilliant line up on @BBCLater tonight, co-hosted by @LadyLeshurr... music from @THE_SLPofficial,‚Ä¶ https://t.co/D5XMg6rL2U",0.586,0.213,0.787,0.0,55
BBC,Thu Oct 31 18:01:10 +0000 2019,Helena Bonham Carter on the time @GuyAChambers phoned her up and asked her to record a song for this year's @BBCCiN‚Ä¶ https://t.co/fUcjp5n3eh,0.0,0.0,1.0,0.0,56
BBC,Thu Oct 31 17:01:07 +0000 2019,"""It's time.""

Who's excited? üôã‚Äç‚ôÄÔ∏èüôã‚Äç‚ôÇÔ∏è
#HisDarkMaterials starts this Sunday | 8pm | @BBCOne &amp; @BBCiPlayer.

https://t.co/xT4KW5I4yc",0.34,0.156,0.844,0.0,57
BBC,Thu Oct 31 15:01:03 +0000 2019,"'Halloween is NOT fun!'  üôÖ‚Äç‚ôÄÔ∏èüôÖ‚Äç‚ôÇÔ∏èüéÉ
It was a very special Unpopular Opinion with @GregJames today as @Harry_Styles s‚Ä¶ https://t.co/zuxa4iWoss",0.508,0.162,0.838,0.0,58
BBC,Thu Oct 31 14:01:03 +0000 2019,"Sergeant Stevie Bull has been nominated for a Pride of Britain award, after she tackled a man with a gun in a hospi‚Ä¶ https://t.co/C3LX9vWnYS",0.542,0.233,0.672,0.095,59
BBC,Thu Oct 31 11:57:54 +0000 2019,"#HappyHarryween - @BBCLater have announced @Harry_Styles will make his show debut on 21st November!   üôåü§©
He joins‚Ä¶ https://t.co/kBIAXlqc0e",0.0,0.0,1.0,0.0,60
BBC,Thu Oct 31 09:01:04 +0000 2019,"Social media accounts for your pets - yes or no?  üê∂ü§î
https://t.co/zQrbMEFsWn",0.128,0.194,0.647,0.158,61
BBC,Thu Oct 31 08:01:02 +0000 2019,üì£TEACHERS! There is a live programme from @BBCTeach coming next Monday at 8pm - @maddiemoate will host a special sh‚Ä¶ https://t.co/4X1myui19D,0.457,0.15,0.85,0.0,62
BBC,Thu Oct 31 07:01:02 +0000 2019,"For @adamlambert, performing with @QueenWillRock has been a dream come true.  üôå
https://t.co/suWyecxsWv",0.586,0.304,0.696,0.0,63
BBC,Wed Oct 30 20:34:00 +0000 2019,Artist and writer @GAIKASAYS unearths the tragic story of a British lynching that took place during the 1919 race r‚Ä¶ https://t.co/Cn8xU0LQBx,-0.459,0.0,0.864,0.136,64
BBC,Wed Oct 30 18:59:07 +0000 2019,"Ten big-name actors, including #JimBroadbent, #JodieWhittaker, #DavidTennant and #OliviaColman, come together to re‚Ä¶ https://t.co/w9jJZTy6TD",0.0,0.0,1.0,0.0,65
BBC,Wed Oct 30 18:01:00 +0000 2019,"The red squirrel population is under threat in the UK. What can we do to help?

Countryfile Autumn Diaries. Now str‚Ä¶ https://t.co/OUOIGzt6LS",-0.178,0.103,0.766,0.13,66
BBC,Wed Oct 30 17:00:21 +0000 2019,"This is so sweet!

The moment when @Camila_Cabello fangirls over @EmiliaClarke. 
#TheGNShow https://t.co/mMrPuE6euL",0.632,0.257,0.743,0.0,67
BBC,Wed Oct 30 15:01:07 +0000 2019,"When Olivia Colman organises the one and only @TaylorSwift13 to come and surprise you in the studio... üòç 

@BBCCiN‚Ä¶ https://t.co/PAz6ksZR2Z",0.625,0.195,0.805,0.0,68
BBC,Wed Oct 30 14:01:03 +0000 2019,"Bronx school stabbing: 'How did the killer become the victim?'
A new @BBCThree documentary speaks to people at the‚Ä¶ https://t.co/ABl6CZatI6",-0.649,0.0,0.807,0.193,69
BBC,Wed Oct 30 13:01:03 +0000 2019,"Would you swipe right...?  üê∏‚ù§Ô∏èüòÇ #QI
https://t.co/dQT5lJVdZf",0.0,0.0,1.0,0.0,70
BBC,Wed Oct 30 12:01:09 +0000 2019,"A list of the richest under-30s in the UK has been published - who makes the cut this year?  üí∞
üëâ‚Ä¶ https://t.co/UiOiiOGRlS",0.318,0.139,0.776,0.086,71
BBC,Wed Oct 30 11:37:48 +0000 2019,RT @BBCiPlayer: Disgusted by hot priests and Brummie gangsters? Maybe BBC iPlayer just isn‚Äôt for you‚Ä¶ #WastedOnSome https://t.co/6bbK7Trs7T,-0.527,0.0,0.833,0.167,72
BBC,Wed Oct 30 09:01:04 +0000 2019,"A deal's a deal.
From @kris_n_dave via @BBCScotland 
https://t.co/orB4Tlqm1I",0.0,0.0,1.0,0.0,73
BBC,Wed Oct 30 08:01:07 +0000 2019,"Cooking with your best mate is a real test of friendship.  ü§¨
#ThisCountry | @BBCThree.
https://t.co/1MfUnFGaES",0.796,0.307,0.693,0.0,74
BBC,Wed Oct 30 07:01:04 +0000 2019,"'Women's Time' is part of a local radio programme in Malawi, where women are invited to the studio to discuss topic‚Ä¶ https://t.co/Lf4M798nvl",0.0,0.0,1.0,0.0,75
BBC,Tue Oct 29 20:01:10 +0000 2019,"Find a bestie who‚Äôll tell you when you‚Äôre being a right scumbag. üòÇ
@blakeharrison23 #WorldOnFire 
https://t.co/qirYbjPIsa",-0.318,0.153,0.602,0.245,76
BBC,Tue Oct 29 19:01:05 +0000 2019,"""You have the courage to imagine a future that puts our beautiful planet first."" üåç

@elliegoulding urges young peop‚Ä¶ https://t.co/Xkn65aR7s3",0.796,0.272,0.728,0.0,77
BBC,Tue Oct 29 17:01:03 +0000 2019,"Would you like to control what you hear at a concert? 
@eltonofficial is testing out a new app that lets you mix th‚Ä¶ https://t.co/oHraWIhE3k",0.361,0.106,0.894,0.0,78
BBC,Tue Oct 29 13:39:13 +0000 2019,RT @BBCBreaking: Jeremy Corbyn says Labour will support early general election ahead of Boris Johnson's latest bid for December poll https:‚Ä¶,0.402,0.119,0.881,0.0,79
BBC,Tue Oct 29 13:01:07 +0000 2019,"""Prayer is the greatest freedom of all."" 
Father Giles, has been a Benedictine monk for 47 years.
https://t.co/WdgPOXdrq0",0.856,0.359,0.641,0.0,80
BBC,Tue Oct 29 12:01:09 +0000 2019,"Can drinking red wine ever be good for us?  üç∑
üëâ https://t.co/F5SlKesWi8 https://t.co/G4b2KMEbAV",0.44,0.153,0.847,0.0,81
BBC,Tue Oct 29 09:01:01 +0000 2019,"Forever waiting for The Drop.  üôå
#ThisCountry | @BBCThree.
https://t.co/JXtC4so4oE",-0.273,0.0,0.811,0.189,82
BBC,Tue Oct 29 08:01:05 +0000 2019,British Paralympian Ollie Hynd has said it's 'important to not just see the medals' when it comes to Paralympic ath‚Ä¶ https://t.co/0hYzH5BKdY,0.202,0.083,0.917,0.0,83
BBC,Tue Oct 29 07:01:06 +0000 2019,A study from @OfficialUoM has found that people with long-term health problems are more likely to feel pain when th‚Ä¶ https://t.co/Xz0TK8f0Mu,-0.718,0.0,0.75,0.25,84
BBC,Tue Oct 29 06:08:22 +0000 2019,"RT @BBCSounds: ü§î How does a @BBCStrictly pro dance come together? 

üé§ @Joe_Sugg finds out all from @dbuzz6589!

üéß Listen to the official St‚Ä¶",0.0,0.0,1.0,0.0,85
BBC,Tue Oct 29 06:08:01 +0000 2019,"RT @BBCCiN: üì£ ANNOUNCEMENT üì£

As revealed on @BBCStrictly: It Takes Two, @BBCEastenders stars will be taking to the Strictly Ballroom, alon‚Ä¶",0.0,0.0,1.0,0.0,86
BBC,Mon Oct 28 18:01:06 +0000 2019,"Learning to drive small cars helps rats feel less stressed, scientists have found. üêÄüöó
üëâ https://t.co/wQ8fgqB7dm https://t.co/JMFqmJgy3m",0.126,0.115,0.793,0.093,87
BBC,Mon Oct 28 17:01:05 +0000 2019,"Anastasia was forced to flee from the 2018 California fires separately from her husband, while eight months' pregna‚Ä¶ https://t.co/evZlw7mQzw",-0.459,0.0,0.857,0.143,88
BBC,Mon Oct 28 14:01:06 +0000 2019,"What's the secret to reaching 100 years of age in good health? üë¥ üëµ
https://t.co/wSh2Ub2Zkc",0.572,0.239,0.761,0.0,89
BBC,Mon Oct 28 13:01:03 +0000 2019,"Junior doctor Sofia is put to the test with an on the spot diagnosis. 
#JuniorDoctors | @BBCThree.
https://t.co/bj9NewVlNa",0.0,0.0,1.0,0.0,90
BBC,Mon Oct 28 12:34:57 +0000 2019,"Happy #Diwali!

Learn more about the #FestivalOfLights and how it's celebrated here.
üëâ https://t.co/uTE9FUiRut‚Ä¶ https://t.co/uGPahNs4Nk",0.827,0.325,0.675,0.0,91
BBC,Mon Oct 28 12:01:07 +0000 2019,"Post Traumatic Stress Disorder diagnosis rates in the UK military have increased over the past decade, and research‚Ä¶ https://t.co/nNhxw6UdgR",-0.796,0.08,0.57,0.35,92
BBC,Mon Oct 28 11:56:04 +0000 2019,"RT @bbcasiannetwork: Just @NavaanSandhu's voice and the vaja üíô 

Navaan and @mannisandhu have recorded a very special #Diwali acoustic sess‚Ä¶",0.458,0.136,0.864,0.0,93
BBC,Mon Oct 28 11:55:50 +0000 2019,"RT @bbcasiannetwork: Happy #Diwali üß°‚ú®

üë©üèΩ‚Äçüé® @zhkdesigns https://t.co/5hpWbxQJHc",0.572,0.252,0.748,0.0,94
BBC,Mon Oct 28 10:40:26 +0000 2019,They can act... but can they sing? Britain's biggest stars are recording a special album for @BBCCiN. #GotItCovered‚Ä¶ https://t.co/zmcWgEJ36d,0.55,0.173,0.827,0.0,95
BBC,Mon Oct 28 09:01:04 +0000 2019,"Could we replace plastic straws with pasta? This entrepreneur thinks so... üçùüò≤‚ôªÔ∏è #DragonsDen
https://t.co/wKL7ZHLOgu",0.0,0.0,1.0,0.0,96
BBC,Mon Oct 28 08:01:04 +0000 2019,"Nadir Nahdi has started an inclusive running club. üèÉüèæ
https://t.co/H2GJNHbVJr",0.0,0.0,1.0,0.0,97
BBC,Mon Oct 28 07:01:03 +0000 2019,"THIS. ü§£ #Motherland #MondayMotivation
https://t.co/Hyaahkb2I2",0.494,0.286,0.714,0.0,98
BBC,Sun Oct 27 19:01:04 +0000 2019,"In the third leg of his journey through #TheAmericas, @simon_reeve is travelling down the length of California.  üá∫üá∏‚Ä¶ https://t.co/5zb1sUbBl3",0.0,0.0,1.0,0.0,99
BBC,Sun Oct 27 18:19:04 +0000 2019,@BBCOne @BBCiPlayer üôåüèª,0.0,0.0,1.0,0.0,100
CBS,Wed Nov 06 19:00:50 +0000 2019,RT @NCISNewOrleans: Thank you #NCISNOLA fans! from @TheLucasBlack. https://t.co/b5s5pji55R,0.42,0.259,0.741,0.0,1
CBS,Wed Nov 06 17:03:10 +0000 2019,What do you get when sports icons and comedians face off in wild physical &amp; trivia challenges? GAME ON! A new show‚Ä¶ https://t.co/9icszRVlGm,0.42,0.159,0.841,0.0,2
CBS,Tue Nov 05 21:55:02 +0000 2019,"When Forrest and Delia are tasked with minding the snack shack, caloric chaos ensues. Catch new episodes of‚Ä¶ https://t.co/6RCX5uxyxX",-0.572,0.0,0.829,0.171,3
CBS,Tue Nov 05 18:26:55 +0000 2019,@l_olayiwola #BobHeartsAbishola https://t.co/uJvxSlwbHy,0.0,0.0,1.0,0.0,4
CBS,Tue Nov 05 02:09:15 +0000 2019,Looking to follow the new @AllRiseCBS Twitter and Instagram handles? We'll allow it. #AllRise https://t.co/S8iBLxdI4v,0.226,0.119,0.881,0.0,5
CBS,Tue Nov 05 02:01:51 +0000 2019,RT @AllRiseCBS: All eyes on #AllRise. New episode starts NOW! üé¢ https://t.co/EA8g0td2uk,0.0,0.0,1.0,0.0,6
CBS,Tue Nov 05 02:01:33 +0000 2019,@EMauraA The sock biz moves pretty quickly. #bobheartsabishola https://t.co/h8u08QMmYO,0.494,0.286,0.714,0.0,7
CBS,Tue Nov 05 02:00:55 +0000 2019,We ‚ù§Ô∏è watching #BobHeartsAbishola with you. Join us for a new episode in two weeks on 11/18 on CBS. https://t.co/7MCHkbjcin,0.296,0.104,0.896,0.0,8
CBS,Tue Nov 05 01:53:54 +0000 2019,"@stef_j_30 Dottie's frustrated, alright. #bobheartsabishola https://t.co/orM5rX1hER",-0.34,0.213,0.426,0.362,9
CBS,Tue Nov 05 01:50:51 +0000 2019,@SahHtown #bobheartsabishola https://t.co/qyeyO04xUm,0.0,0.0,1.0,0.0,10
CBS,Tue Nov 05 01:47:33 +0000 2019,@abpf91 @CEbersoleFans @TheFolake But there are limits to Abishola's help. #bobheartsabishola https://t.co/oiEldYkRBj,0.55,0.244,0.756,0.0,11
CBS,Tue Nov 05 01:46:31 +0000 2019,@dreamgirl_steph #bobheartsabishola https://t.co/bLPRQGn1tJ,0.0,0.0,1.0,0.0,12
CBS,Tue Nov 05 01:44:59 +0000 2019,#BobHeartsAbishola and Instagram. Show some ‚ù§Ô∏è and follow the new account for exclusive content. https://t.co/7xuwcmMCRp,0.128,0.091,0.909,0.0,13
CBS,Tue Nov 05 01:42:50 +0000 2019,The road to recovery is paved with ‚ù§Ô∏è. #BobHeartsAbishola https://t.co/2TNBaRFv09,0.0,0.0,1.0,0.0,14
CBS,Tue Nov 05 01:40:54 +0000 2019,@1986Webber @TONYOK #bobheartsabishola https://t.co/zLViv4h0QJ,0.0,0.0,1.0,0.0,15
CBS,Tue Nov 05 01:40:02 +0000 2019,@EMauraA Everybody ‚ù§Ô∏è Dottie. #bobheartsabishola https://t.co/oRYU0EagnG,0.0,0.0,1.0,0.0,16
CBS,Tue Nov 05 01:37:52 +0000 2019,@sean3528 Maybe they are. #bobheartsabishola https://t.co/OTcQNUbKKH,0.0,0.0,1.0,0.0,17
CBS,Tue Nov 05 01:37:01 +0000 2019,@happymimi13 We ‚ù§Ô∏è that they have Abishola's back. #bobheartsabishola https://t.co/tK4Tjf05Qt,0.0,0.0,1.0,0.0,18
CBS,Tue Nov 05 01:35:49 +0000 2019,@rockster38181 We ‚ù§Ô∏è that. #bobheartsabishola https://t.co/SoahXJjFYy,0.0,0.0,1.0,0.0,19
CBS,Tue Nov 05 01:34:13 +0000 2019,@DelightfulDame We told you. #bobheartsabishola https://t.co/CIMOZYwj8s,0.0,0.0,1.0,0.0,20
CBS,Tue Nov 05 01:33:06 +0000 2019,@AnneLaBarbera The book can't help with everything. #bobheartsabishola https://t.co/qV5DXTILE3,-0.309,0.0,0.78,0.22,21
CBS,Tue Nov 05 01:31:15 +0000 2019,@SunshineSaver Auntie will be so proud. #bobheartsabishola https://t.co/iFKBslIYTx,0.611,0.363,0.637,0.0,22
CBS,Tue Nov 05 01:30:00 +0000 2019,Show some ‚ù§Ô∏è. An all-new #BobHeartsAbishola starts NOW. https://t.co/bfPWw4HJF9,0.0,0.0,1.0,0.0,23
CBS,Tue Nov 05 00:38:52 +0000 2019,RT @TheNeighborhood: Say 'I do' to tonight's all-new episode of #TheNeighborhood at 8/7c on @CBS and @CBSAllAccess: https://t.co/zuE1XjKVL0‚Ä¶,0.0,0.0,1.0,0.0,24
CBS,Mon Nov 04 23:30:00 +0000 2019,#TheUnicorn's @iamRubyJay and @itsmakenziemoss share a sisterly bond both on and off screen. Enjoy this behind-the-‚Ä¶ https://t.co/NWhs96Bczj,0.66,0.278,0.722,0.0,25
CBS,Mon Nov 04 21:00:00 +0000 2019,"Lola's mother, Roxy, drops by the courtroom. Watch @AllRiseCBS Mondays at 9/8c on CBS. https://t.co/0BuFYd6Xps",0.0,0.0,1.0,0.0,26
CBS,Mon Nov 04 20:01:59 +0000 2019,"RT @AllRiseCBS: Attention #AllRise fans: Let's make things Twitter official! You heard @SimoneMissick, follow us and live-tweet along TONIG‚Ä¶",0.0,0.0,1.0,0.0,27
CBS,Mon Nov 04 19:09:16 +0000 2019,"'Tis the season to celebrate with CBS. From Rudolph and Frosty to #Home4Holidays and #ILoveLucy and MORE, see when‚Ä¶ https://t.co/rmyoNLtHqP",0.572,0.163,0.837,0.0,28
CBS,Mon Nov 04 17:04:52 +0000 2019,"Kick off the holiday season with The #Thanksgiving Day Parade, hosted by @KevinFrazier &amp; @KeltieKnight with‚Ä¶ https://t.co/yif2As00ld",0.402,0.144,0.856,0.0,29
CBS,Mon Nov 04 00:41:32 +0000 2019,Due to #NFL overrun #CBS Sunday programs delayed ONLY in EAST/CENTRAL Time Zones. New start times: #60Minutes 7:37/‚Ä¶ https://t.co/y4zsZHnriN,-0.226,0.0,0.905,0.095,30
CBS,Sun Nov 03 18:00:00 +0000 2019,"After setting their clocks back an hour for #DaylightSavingTime, the cast of the @YandR_CBS is feeling like the you‚Ä¶ https://t.co/68MXzF8NVT",0.459,0.182,0.818,0.0,31
CBS,Sun Nov 03 14:29:00 +0000 2019,Get ready for Week 9 of the NFL on CBS. Check out the schedule to watch and stream your local games live today acro‚Ä¶ https://t.co/NsBRYJNyHz,0.361,0.098,0.902,0.0,32
CBS,Sun Nov 03 03:34:15 +0000 2019,RT @survivorcbs: Our hearts go out to Rudy's family and friends. He will be greatly missed. üíî https://t.co/yRMMFL9em6,-0.416,0.124,0.641,0.235,33
CBS,Sat Nov 02 23:00:00 +0000 2019,"You're watching #CarolsSecondAct Thursday nights at 9:30/8:30c on CBS, but what about @PatriciaHeaton's second act?‚Ä¶ https://t.co/rJ09gq5sSz",0.0,0.0,1.0,0.0,34
CBS,Sat Nov 02 18:51:56 +0000 2019,"Attention, Boston movie-making people: When he's not shooting #TheUnicorn on CBS, @robcorddry is available. Let his‚Ä¶ https://t.co/hFGz7P1FjU",0.0,0.0,1.0,0.0,35
CBS,Sat Nov 02 13:30:00 +0000 2019,Don't miss this SEC face-off between two top ten teams. Stream #8 Georgia vs. #6 Florida live today at 3:30PM ET on‚Ä¶ https://t.co/aZ8IbYfMAs,0.306,0.134,0.866,0.0,36
CBS,Fri Nov 01 23:00:00 +0000 2019,"Wade is excellent at being a father, he's a loyal and dependable friend, and he can give a heart-to-heart talk like‚Ä¶ https://t.co/ugybnEF62T",0.875,0.385,0.615,0.0,37
CBS,Fri Nov 01 20:43:18 +0000 2019,Celebrate the legacy and century-and-a-half history of college football with Through the Lens of CBS Sports: Colleg‚Ä¶ https://t.co/OJ4jkQHW2S,0.572,0.179,0.821,0.0,38
CBS,Fri Nov 01 19:30:00 +0000 2019,It all starts with a script. Take a peek behind the curtain at how @TheNeighborhood gets made with this look at the‚Ä¶ https://t.co/p3lOI5rFMU,0.0,0.0,1.0,0.0,39
CBS,Fri Nov 01 17:16:55 +0000 2019,"@powerforlife03 We ‚ù§Ô∏è Auntie Olu, as well. #bobheartsabishola https://t.co/4crm1zMF8x",0.273,0.189,0.811,0.0,40
CBS,Fri Nov 01 17:06:14 +0000 2019,"RT @CBSAllAccess: Sci-fi, action, comedy, drama, &amp; @NFLonCBS - we have it all! Streaming this November on #CBSAllAccess. IT‚ÄôS ON. https://t‚Ä¶",0.42,0.128,0.872,0.0,41
CBS,Fri Nov 01 02:17:04 +0000 2019,RT @Lesdoggg: I love this family!! She reminds me of my mom yo!! I love this show!! I truly hope one day we all can just be ours elves and‚Ä¶,0.947,0.401,0.599,0.0,42
CBS,Thu Oct 31 22:00:00 +0000 2019,Face the monsters of #Evil this #Halloween. Stream it on https://t.co/2XNQAg6gJ6. https://t.co/VDDumLp0ac,0.0,0.0,1.0,0.0,43
CBS,Thu Oct 31 19:55:55 +0000 2019,RT @YandR_CBS: Need some costume inspiration for tonight? Check out these #Halloween looks from #YR! https://t.co/RVPRKf2uTR,0.571,0.198,0.802,0.0,44
CBS,Thu Oct 31 19:55:45 +0000 2019,"RT @CBSAllAccess: Old tales, new blood. ü•Ä Your Halloween treat is the first look at your #TellMeAStory Season 2 key art. https://t.co/Ixkh6‚Ä¶",0.402,0.114,0.886,0.0,45
CBS,Thu Oct 31 18:35:21 +0000 2019,Get into the #Halloween spirit by revisiting @YoungSheldon's spooky Hobbit-inspired dream: https://t.co/Xd5beUx7pw https://t.co/BTlKjGmRbs,0.402,0.252,0.748,0.0,46
CBS,Thu Oct 31 16:22:50 +0000 2019,@TimiFrost https://t.co/ByXflHqU93,0.0,0.0,1.0,0.0,47
CBS,Thu Oct 31 16:08:19 +0000 2019,Gather ‚Äòround for a celebration of family. The 21st annual holiday adoption special A Home for the Holidays with‚Ä¶ https://t.co/yeVyYpvxrz,0.791,0.348,0.652,0.0,48
CBS,Thu Oct 31 15:01:20 +0000 2019,"Whether it's a trick or a treat, Happy #Halloween from CBS! https://t.co/k0pgIMaZ9X",0.757,0.449,0.47,0.081,49
CBS,Wed Oct 30 22:30:00 +0000 2019,Trick or treat. #Evil is at your door. Thursdays 10/9c on CBS. https://t.co/V7pKBjCrCN,0.361,0.181,0.738,0.081,50
CBS,Wed Oct 30 21:13:09 +0000 2019,Looking for some last-minute #Halloween costume ideas? Let the stars of CBS on the pages of @CBSWatch Magazine serv‚Ä¶ https://t.co/tEF6ipPbD8,0.0,0.0,1.0,0.0,51
CBS,Wed Oct 30 20:00:01 +0000 2019,"From restroom lines to tardiness, the cast of #AllRise shares what laws they would want put in place. https://t.co/xQxTPepPBb",0.361,0.171,0.829,0.0,52
CBS,Wed Oct 30 16:54:30 +0000 2019,"Sweet! In anticipation of #Halloween, the @YandR_CBS stars are scaring up some boooo-tiful Candycuterie boards. https://t.co/eWPICrpXYt",0.2,0.228,0.631,0.141,53
CBS,Tue Oct 29 23:00:00 +0000 2019,Word to the wise: don't give Carol any guff unless you want to deal with Nurse Dennis. New episodes of‚Ä¶ https://t.co/nxKwDzc7Uz,0.527,0.188,0.812,0.0,54
CBS,Tue Oct 29 20:00:00 +0000 2019,Have you hung out with these two yet? Catch them and their hilarious castmates cutting it up on new episodes of‚Ä¶ https://t.co/D4SCQRMCu9,0.296,0.112,0.826,0.062,55
CBS,Tue Oct 29 17:23:39 +0000 2019,"Recognizing the signs of a stroke, Abishola advises Bob and his sister to rush their mom to the hospital. New episo‚Ä¶ https://t.co/26k25zoubn",0.0,0.0,1.0,0.0,56
CBS,Tue Oct 29 05:06:46 +0000 2019,RT @SimoneMissick: Sherri‚Äôs just a big ole softie after all...@RuthieAnnMiles @CBS #ALLRISE https://t.co/io0cGLjQDW,0.0,0.0,1.0,0.0,57
CBS,Tue Oct 29 02:47:54 +0000 2019,RT @SimoneMissick: #ALLRISE cast still at work. Working hard to make these next 9 episodes!!! Sorry we couldn‚Äôt tweet tonight! We love y‚Äôal‚Ä¶,0.688,0.198,0.702,0.1,58
CBS,Tue Oct 29 02:00:25 +0000 2019,Thanks for joining us on the #Lolacoaster. What did everyone think of tonight's #AllRise? https://t.co/DkpgrrCyOj,0.44,0.172,0.828,0.0,59
CBS,Tue Oct 29 01:58:30 +0000 2019,@tiffjaxon Finally! #Lemily #AllRise https://t.co/vCaGN3RwuR,0.0,0.0,1.0,0.0,60
CBS,Tue Oct 29 01:56:33 +0000 2019,Anyone dressing up as #JudgeLola for #Halloween? #AllRise https://t.co/KrmaMKHTOk,0.0,0.0,1.0,0.0,61
CBS,Tue Oct 29 01:54:54 +0000 2019,@_kirstinramsey Sara FTW. #AllRise https://t.co/VHyQnF0XHe,0.577,0.483,0.517,0.0,62
CBS,Tue Oct 29 01:50:19 +0000 2019,@ShiAnna_913 Glad you're enjoying #AllRise. https://t.co/JmoajS0jnk,0.751,0.615,0.385,0.0,63
CBS,Tue Oct 29 01:41:17 +0000 2019,And that's why we love her. #AllRise https://t.co/4WzZRfBiDL,0.637,0.375,0.625,0.0,64
CBS,Tue Oct 29 01:40:08 +0000 2019,@tiffjaxon Well technically there was this (non)date. #AllRise https://t.co/ClGIvvwiWW,0.273,0.208,0.792,0.0,65
CBS,Tue Oct 29 01:36:28 +0000 2019,@c_rossover No doubt about it. #AllRise https://t.co/Z0YWyGo7JD,-0.572,0.0,0.515,0.485,66
CBS,Tue Oct 29 01:35:42 +0000 2019,@kendallwhite05 Is #Lemily a close second? #AllRise https://t.co/IlSQoLs8x1,0.0,0.0,1.0,0.0,67
CBS,Tue Oct 29 01:33:57 +0000 2019,@LolaCarmichael1 She always shows she cares in her own way. #AllRise https://t.co/HyC6SCPcDE,0.459,0.214,0.786,0.0,68
CBS,Tue Oct 29 01:33:14 +0000 2019,@OnPointeJ Count us in. #AllRise https://t.co/0YnNQDl4VZ,0.0,0.0,1.0,0.0,69
CBS,Tue Oct 29 01:28:48 +0000 2019,"You got this, Lola. #AllRise https://t.co/T21peDfWIP",0.0,0.0,1.0,0.0,70
CBS,Tue Oct 29 01:21:28 +0000 2019,@lookfabuless She truly is amazing. #AllRise https://t.co/YboqQaHw3F,0.772,0.573,0.427,0.0,71
CBS,Tue Oct 29 01:15:26 +0000 2019,@aprilrudgate @WilsonBethel Your friends will love it! #AllRise https://t.co/73qs71UL3R,0.822,0.52,0.48,0.0,72
CBS,Tue Oct 29 01:12:50 +0000 2019,@bigboutya1 *loves pie. #AllRise https://t.co/X0XzqQcyir,0.0,0.0,1.0,0.0,73
CBS,Tue Oct 29 01:09:24 +0000 2019,"@c_rossover Multi-tasking, great idea right @jalexbrinson? #AllRise https://t.co/nbohAH28D0",0.625,0.369,0.631,0.0,74
CBS,Tue Oct 29 01:07:44 +0000 2019,@MalashaMonique Cheers to that! #AllRise https://t.co/PF0uTayQz5,0.526,0.404,0.596,0.0,75
CBS,Tue Oct 29 01:04:11 +0000 2019,"@TRVLR28 We ‚ù§Ô∏è it, too. #BobHeartsAbishola https://t.co/Pm4A083w7H",0.0,0.0,1.0,0.0,76
CBS,Tue Oct 29 01:03:46 +0000 2019,RT @WilsonBethel: It‚Äôs #AllRise O‚Äôclock.,0.0,0.0,1.0,0.0,77
CBS,Tue Oct 29 01:01:57 +0000 2019,@__priscillaaax Douglas's ‚ù§Ô∏è is in the right place. #BobHeartsAbishola https://t.co/nQLzUsC1qb,0.0,0.0,1.0,0.0,78
CBS,Tue Oct 29 01:01:00 +0000 2019,"Fierce and fabulous, style and substance. Catch @simonemissick on a new #AllRise starting now! https://t.co/l5M9td3ac8",0.571,0.221,0.779,0.0,79
CBS,Tue Oct 29 01:00:00 +0000 2019,"We don‚Äôt ‚ù§Ô∏è waiting to see what happens next, but thanks for watching #BobHeartsAbishola with us tonight. https://t.co/l7ABue8Ajh",0.593,0.176,0.824,0.0,80
CBS,Tue Oct 29 00:59:36 +0000 2019,"@mrsssmac Someone's cutting onions here, too. #BobHeartsAbishola https://t.co/2FHKhnsKpk",-0.128,0.0,0.824,0.176,81
CBS,Tue Oct 29 00:58:19 +0000 2019,@drjen9 Relationships aren't just built on first dates. #BobHeartsAbishola https://t.co/zKdGTIlU0E,0.0,0.0,1.0,0.0,82
CBS,Tue Oct 29 00:56:26 +0000 2019,@70zbay We ‚ù§Ô∏è watching it. #BobHeartsAbishola https://t.co/T0mp53cqrr,0.0,0.0,1.0,0.0,83
CBS,Tue Oct 29 00:55:48 +0000 2019,@jrrbusby Kemi ‚ù§Ô∏è love. #BobHeartsAbishola https://t.co/NiiOOfgDJN,0.637,0.412,0.588,0.0,84
CBS,Tue Oct 29 00:54:22 +0000 2019,@1986Webber She's got things under control. #BobHeartsAbishola https://t.co/5aphL1T8GL,0.0,0.0,1.0,0.0,85
CBS,Tue Oct 29 00:53:41 +0000 2019,@Shelley514 Bob agrees (and so do we). #BobHeartsAbishola https://t.co/kDnvFwGnYS,0.202,0.184,0.816,0.0,86
CBS,Tue Oct 29 00:50:14 +0000 2019,@bigboutya1 It's a good thing that Abishola is a nurse. #BobHeartsAbishola https://t.co/XwCp2hJGV1,0.44,0.244,0.756,0.0,87
CBS,Tue Oct 29 00:47:48 +0000 2019,@Ren_War89 She's coming around to ‚ù§Ô∏è. #BobHeartsAbishola https://t.co/PQNArt3ad6,0.0,0.0,1.0,0.0,88
CBS,Tue Oct 29 00:46:04 +0000 2019,@DelightfulDame And charming conversation! #BobHeartsAbishola https://t.co/hZZNniNrFs,0.624,0.45,0.55,0.0,89
CBS,Tue Oct 29 00:45:16 +0000 2019,@pamackerson #BobHeartsAbishola https://t.co/R58H0XGQHj,0.0,0.0,1.0,0.0,90
CBS,Tue Oct 29 00:44:30 +0000 2019,‚ù§Ô∏è is on the menu tonight. #BobHeartsAbishola https://t.co/1mzRlJ6f9z,0.0,0.0,1.0,0.0,91
CBS,Tue Oct 29 00:44:11 +0000 2019,@SighRN They might have a say in the story's direction. #BobHeartsAbishola https://t.co/apmG33VIP0,0.0,0.0,1.0,0.0,92
CBS,Tue Oct 29 00:43:01 +0000 2019,"@DelightfulDame Oh, yeah. Tunde ‚ù§Ô∏è Olu. #BobHeartsAbishola https://t.co/jfKRWmUlZM",0.296,0.216,0.784,0.0,93
CBS,Tue Oct 29 00:42:00 +0000 2019,"@DelightfulDame Sometimes you have to take the bus, though. #BobHeartsAbishola https://t.co/r1yO214P0B",0.0,0.0,1.0,0.0,94
CBS,Tue Oct 29 00:40:45 +0000 2019,"All clothes are sandwich clothes, Auntie Olu, especially if you ‚ù§Ô∏è layering. #BobHeartsAbishola https://t.co/Bv4Lk8eEIR",0.0,0.0,1.0,0.0,95
CBS,Tue Oct 29 00:37:51 +0000 2019,@edwardistheman We agree. #BobHeartsAbishola https://t.co/PKZnUXCgLZ,0.361,0.385,0.615,0.0,96
CBS,Tue Oct 29 00:36:25 +0000 2019,@actravlr ‚ù§Ô∏è #BobHeartsAbishola https://t.co/mx5hqWcOAs,0.0,0.0,1.0,0.0,97
CBS,Tue Oct 29 00:35:10 +0000 2019,@Peteythegreat We're glad she ‚ù§Ô∏è it. #BobHeartsAbishola https://t.co/08gd8HxkVB,0.459,0.273,0.727,0.0,98
CBS,Tue Oct 29 00:33:32 +0000 2019,@AnneLaBarbera Um... üòâ #BobHeartsAbishola https://t.co/AM70IzYnkp,0.0,0.0,1.0,0.0,99
CBS,Tue Oct 29 00:31:51 +0000 2019,@jrrbusby Here we go! #BobHeartsAbishola https://t.co/LIPogqDuc3,0.0,0.0,1.0,0.0,100
CNN,Wed Nov 06 22:53:37 +0000 2019,"For the first time in 19 years, a team of scientists has detected a new strain of HIV https://t.co/PwMOdURrpK",-0.052,0.0,0.93,0.07,1
CNN,Wed Nov 06 22:45:04 +0000 2019,"The state of California revealed  it is investigating Facebook over the technology giant's privacy practices, compl‚Ä¶ https://t.co/Sooui9fmIm",0.0,0.0,1.0,0.0,2
CNN,Wed Nov 06 22:38:45 +0000 2019,Sen. Mazie Hirono backs a Senate resolution to protect whistleblowers and says that Congress has a ‚Äúresponsibility‚Ä¶ https://t.co/FQV1pXrcya,0.34,0.146,0.787,0.067,3
CNN,Wed Nov 06 22:37:56 +0000 2019,"""Nothing really makes you more committed to your city and the environment... than realizing you're going to have a‚Ä¶ https://t.co/fQ7Vn8ujle",0.338,0.112,0.888,0.0,4
CNN,Wed Nov 06 22:33:16 +0000 2019,"Amid growing concerns about its rental listing platform, Airbnb will start verifying all 7 million listings, with t‚Ä¶ https://t.co/QXcVw1u8mn",0.178,0.091,0.909,0.0,5
CNN,Wed Nov 06 22:24:29 +0000 2019,"Rather than walking into a sweetheart deal with the US, the UK is likely to be confronted by a phalanx of hard-nose‚Ä¶ https://t.co/vZYSsLGly8",0.542,0.171,0.757,0.072,6
CNN,Wed Nov 06 22:16:08 +0000 2019,A data breach at the California Department of Motor Vehicles may have exposed some drivers' Social Security number‚Ä¶ https://t.co/wQDPWJfLrj,0.273,0.122,0.812,0.066,7
CNN,Wed Nov 06 22:09:06 +0000 2019,The Supreme Court grappled with questions about the scope of the Clean Water Act and the Environmental Protection A‚Ä¶ https://t.co/xOYkOxNkrm,0.743,0.259,0.741,0.0,8
CNN,Wed Nov 06 21:54:24 +0000 2019,"The ""Soccer in the Streets"" program in Atlanta looks to transform public transit stations with soccer fields‚Ä¶ https://t.co/xYu4v7fpgj",0.0,0.0,1.0,0.0,9
CNN,Wed Nov 06 21:45:47 +0000 2019,An independent who changed her party affiliation after sparring with the local Democratic Party became the first el‚Ä¶ https://t.co/sTFsCyTKBn,0.66,0.241,0.759,0.0,10
CNN,Wed Nov 06 21:31:18 +0000 2019,Bud Light Seltzer will debut in the first quarter of 2020 https://t.co/Q6Cl1SDAWm,0.0,0.0,1.0,0.0,11
CNN,Wed Nov 06 21:30:08 +0000 2019,John McNamara was a sportswriter for the Capital Gazette when he was killed by a gunman who attacked the newspaper'‚Ä¶ https://t.co/j8ekXfPycR,-0.818,0.0,0.694,0.306,12
CNN,Wed Nov 06 21:18:59 +0000 2019,Former US Ambassador to Ukraine Bill Taylor ‚Äúconsistently and in detail describes the Trump White House pushing the‚Ä¶ https://t.co/UPjsqbgzLJ,0.0,0.0,1.0,0.0,13
CNN,Wed Nov 06 21:11:25 +0000 2019,"RT @AC360: .@MitchAlbom, best-selling author of ‚ÄúTuesdays With Morrie,‚Äù joins Full Circle to speak with @AndersonCooper about his latest me‚Ä¶",0.0,0.0,1.0,0.0,14
CNN,Wed Nov 06 21:11:00 +0000 2019,The impeachment inquiry has uncovered at least three examples of the quid pro quo between the Trump administration‚Ä¶ https://t.co/fgj33xAVmF,0.0,0.0,1.0,0.0,15
CNN,Wed Nov 06 21:01:45 +0000 2019,"""As urban areas become more Democratic leaning and rural areas move to the right, the suburbs are likely going to b‚Ä¶ https://t.co/bU4MjzXCoS",0.0,0.0,1.0,0.0,16
CNN,Wed Nov 06 20:44:14 +0000 2019,"A warning system was activated by mistake, leading to fears of a hijacking and bringing Amsterdam's Schiphol Airpor‚Ä¶ https://t.co/NXSYvo3VqG",-0.765,0.0,0.648,0.352,17
CNN,Wed Nov 06 20:27:06 +0000 2019,Kentucky Gov. Matt Bevin is requesting a recanvass of Tuesday's election after losing to his Democratic opponent by‚Ä¶ https://t.co/NLsBiuj3E4,-0.382,0.0,0.867,0.133,18
CNN,Wed Nov 06 20:20:52 +0000 2019,John McNamara was a sportswriter for the Capital Gazette when he was killed by a gunman who attacked the newspaper'‚Ä¶ https://t.co/tbKErsMYcl,-0.818,0.0,0.694,0.306,19
CNN,Wed Nov 06 20:20:04 +0000 2019,"A Georgia man who used racial slurs and got into a fight with his targets was then shot and killed by one of them,‚Ä¶ https://t.co/cMVd6t7RWU",-0.796,0.0,0.747,0.253,20
CNN,Wed Nov 06 20:10:04 +0000 2019,Elizabeth Warren's aggressive plans to level the playing field for the American economy are drawing heavy fire from‚Ä¶ https://t.co/H2SUZFsSaj,-0.296,0.083,0.734,0.183,21
CNN,Wed Nov 06 20:00:09 +0000 2019,A data breach at the California Department of Motor Vehicles may have exposed some drivers' Social Security number‚Ä¶ https://t.co/V3Fo52vmIA,0.273,0.122,0.812,0.066,22
CNN,Wed Nov 06 19:50:05 +0000 2019,"An amber alert has been issued for a 5-year-old girl who police say disappeared from her home in Jacksonville, Flor‚Ä¶ https://t.co/jnN5cjJSdL",0.077,0.1,0.814,0.086,23
CNN,Wed Nov 06 19:40:05 +0000 2019,"Chl√∂e Swarbrick was speaking about the Zero Carbon Bill, which would set a target of zero carbon emissions for the‚Ä¶ https://t.co/HFoUwj9BtZ",0.0,0.0,1.0,0.0,24
CNN,Wed Nov 06 19:30:00 +0000 2019,This American dad fears it will be harder to get his children out of Syria because of the US troop withdrawal. His‚Ä¶ https://t.co/LYC2kdzbjd,-0.402,0.044,0.843,0.112,25
CNN,Wed Nov 06 19:21:15 +0000 2019,The House committees running the impeachment inquiry into President Trump released the transcript of their closed-d‚Ä¶ https://t.co/E3TwDJhtSp,0.0,0.0,1.0,0.0,26
CNN,Wed Nov 06 19:20:05 +0000 2019,"Former Vice President Joe Biden, Massachusetts Sen. Elizabeth Warren and Vermont Sen. Bernie Sanders lead the race‚Ä¶ https://t.co/7RtdPpR2Ai",0.0,0.0,1.0,0.0,27
CNN,Wed Nov 06 19:14:47 +0000 2019,JUST IN: House impeachment investigators have released a transcript of closed-door testimony from the top US diplom‚Ä¶ https://t.co/ZPF4atyIy7,0.202,0.101,0.899,0.0,28
CNN,Wed Nov 06 19:10:06 +0000 2019,"Popular Fortnite YouTuber FaZe Jarvis has been issued a lifetime ban by the game's creators, Epic Games, following‚Ä¶ https://t.co/BPrZgwPnCN",-0.202,0.125,0.714,0.161,29
CNN,Wed Nov 06 18:59:36 +0000 2019,High school students helped a young boy with cerebral palsy transform into The Incredible Hulk for Halloween‚Ä¶ https://t.co/2sBm9WGAfQ,0.0,0.0,1.0,0.0,30
CNN,Wed Nov 06 18:48:26 +0000 2019,Watch this billionaire get choked up talking about Elizabeth Warren's wealth tax https://t.co/15IIXUy6X1 https://t.co/l9LrdAGKh8,0.026,0.175,0.656,0.169,31
CNN,Wed Nov 06 18:31:11 +0000 2019,Bud Light Seltzer is joining the battle for spiked seltzer supremacy. https://t.co/VxSLeAvjmz,-0.34,0.087,0.725,0.188,32
CNN,Wed Nov 06 18:29:58 +0000 2019,"Boeing CEO Dennis Muilenburg will take a significant cut in pay for 2019 and 2020, according to the company's new c‚Ä¶ https://t.co/tG9c9P0RjC",-0.178,0.077,0.773,0.15,33
CNN,Wed Nov 06 18:20:07 +0000 2019,"Pringles has unveiled a seasonal food-flavored chip feast, and it's poised to replace the whole Thanksgiving spread. https://t.co/goWmZHjq5a",0.25,0.111,0.889,0.0,34
CNN,Wed Nov 06 18:10:03 +0000 2019,Police say they're looking for a 13-year-old murder suspect who escaped from officers following a court appearance‚Ä¶ https://t.co/FSdbJBQp8D,-0.784,0.0,0.67,0.33,35
CNN,Wed Nov 06 18:00:09 +0000 2019,Secretary Mike Pompeo‚Äôs standing within the State Department is damaged and morale is devastatingly low after revel‚Ä¶ https://t.co/ICAApptXiB,-0.813,0.0,0.641,0.359,36
CNN,Wed Nov 06 17:50:08 +0000 2019,Virginia Gov. Ralph Northam says he will reintroduce gun control measures in the upcoming legislative sessions now‚Ä¶ https://t.co/ukLYnZi2jv,-0.34,0.0,0.876,0.124,37
CNN,Wed Nov 06 17:40:00 +0000 2019,"College student Jayson Gonzalez drove hundreds of miles every weekend, bringing home Krispy Kreme donuts to resell‚Ä¶ https://t.co/Gz5DOZ8JQP",0.0,0.0,1.0,0.0,38
CNN,Wed Nov 06 17:37:43 +0000 2019,"Facebook says that as many as 100 app developers could have accessed certain user data, which included names and pr‚Ä¶ https://t.co/C3b6lCcAxW",0.273,0.095,0.905,0.0,39
CNN,Wed Nov 06 17:28:11 +0000 2019,Tourists in Jerusalem will be able to take a cable car right up to some of the Old City's key holy sites under cont‚Ä¶ https://t.co/hoD67flzFI,0.0,0.0,1.0,0.0,40
CNN,Wed Nov 06 17:26:08 +0000 2019,A fishing crew lobstering off the coast of Maine rescued a deer that had been swept five miles out to sea.‚Ä¶ https://t.co/macTGW7md7,0.422,0.128,0.872,0.0,41
CNN,Wed Nov 06 17:18:42 +0000 2019,"While the amount of time spent at work was cut dramatically, productivity ‚Äî measured by sales per employee ‚Äî went u‚Ä¶ https://t.co/VEknreaYYV",-0.273,0.0,0.9,0.1,42
CNN,Wed Nov 06 17:15:27 +0000 2019,The Red Sea is home to some of the world's best and most beautiful coral reefs. Here's how you can explore them in‚Ä¶ https://t.co/bDjRtYh188,0.855,0.276,0.724,0.0,43
CNN,Wed Nov 06 17:10:03 +0000 2019,"A Georgia man who used racial slurs and got into a fight with his targets was then shot and killed by one of them,‚Ä¶ https://t.co/6eivm24iRU",-0.796,0.0,0.747,0.253,44
CNN,Wed Nov 06 17:00:10 +0000 2019,AT&amp;T agreed to a $60 million settlement over allegations it misled more than 3.5 million customers by charging them‚Ä¶ https://t.co/19e0rftKR9,0.273,0.104,0.896,0.0,45
CNN,Wed Nov 06 16:50:07 +0000 2019,House Intelligence Chairman Adam Schiff has announced public impeachment hearings will begin next week as Democrats‚Ä¶ https://t.co/Ji3q4EVDbc,0.477,0.162,0.838,0.0,46
CNN,Wed Nov 06 16:40:00 +0000 2019,"Xerox is reportedly considering buying Hewlett-Packard, according to the Wall Street Journal https://t.co/PU0uzmoDne https://t.co/mpkwne7bP6",0.0,0.0,1.0,0.0,47
CNN,Wed Nov 06 16:38:50 +0000 2019,House impeachment investigators have requested acting White House chief of staff Mick Mulvaney testify on Capitol H‚Ä¶ https://t.co/InUjWGSIsV,0.0,0.0,1.0,0.0,48
CNN,Wed Nov 06 16:30:13 +0000 2019,"Ford unveiled a fully electric 900-horsepower Mustang at a car show in Las Vegas Wednesday. It's not for sale, but‚Ä¶ https://t.co/w3Upk3UPW7",0.0,0.0,1.0,0.0,49
CNN,Wed Nov 06 16:20:04 +0000 2019,"TV ads, mailers and 50,000 phone calls. A gun-safety group, founded by former New York City Mayor Michael Bloomberg‚Ä¶ https://t.co/dZcaGrnAGc",0.0,0.0,1.0,0.0,50
CNN,Wed Nov 06 16:10:09 +0000 2019,The coming Democratic takeover of the Virginia legislature has cleared the path for the state to ratify the Equal R‚Ä¶ https://t.co/aVHPDGcoPy,0.103,0.065,0.935,0.0,51
CNN,Wed Nov 06 16:00:06 +0000 2019,A Virginia Democrat who lost her 2017 race for the state's House of Delegates after another candidate's name was pi‚Ä¶ https://t.co/geuYitA31u,-0.318,0.0,0.892,0.108,52
CNN,Wed Nov 06 15:50:04 +0000 2019,An Italian youth soccer team has backtracked from a controversial plan to play in blackface as a protest against ra‚Ä¶ https://t.co/hHB6fC5xJ1,-0.103,0.108,0.721,0.171,53
CNN,Wed Nov 06 15:40:04 +0000 2019,"Italian school students in every grade will be required to study climate change and sustainability, in an attempt t‚Ä¶ https://t.co/JhDTT14ksj",0.0,0.0,1.0,0.0,54
CNN,Wed Nov 06 15:30:06 +0000 2019,The Irish airline said in a statement Wednesday that inspections ordered by US regulators had turned up problems wi‚Ä¶ https://t.co/7yJ8dYvoKO,-0.402,0.0,0.87,0.13,55
CNN,Wed Nov 06 15:20:07 +0000 2019,"A brand new $1 billion, 35-gate passenger terminal at Louis Armstrong New Orleans International Airport opens to th‚Ä¶ https://t.co/hc5DntZpiT",0.0,0.0,1.0,0.0,56
CNN,Wed Nov 06 15:09:38 +0000 2019,The biggest question facing voters in 2020 | By Elliot Williams for @CNNOpinion https://t.co/kL8KLFqw7z https://t.co/Lwd1BxoQXe,0.0,0.0,1.0,0.0,57
CNN,Wed Nov 06 15:00:07 +0000 2019,"A Georgia man who used racial slurs and got into a fight with his targets was then shot and killed by one of them,‚Ä¶ https://t.co/HEm84ynqEZ",-0.796,0.0,0.747,0.253,58
CNN,Wed Nov 06 14:50:06 +0000 2019,They covered the 9/11 attacks at ground zero. Now they have cancer. And they want other journalists to know that co‚Ä¶ https://t.co/vntagaSEdl,-0.791,0.047,0.688,0.264,59
CNN,Wed Nov 06 14:40:08 +0000 2019,"Avi Gupta crushed a teen ""Jeopardy!"" tournament this summer, taking home $100,000, and he's donating some of his wi‚Ä¶ https://t.co/Mt2kXQnJrD",-0.475,0.0,0.853,0.147,60
CNN,Wed Nov 06 14:30:14 +0000 2019,"Turkey has captured a wife of former ISIS leader Abu Bakr al-Baghdadi, Turkish President Recep Tayyip Erdogan annou‚Ä¶ https://t.co/Hh1SJ02aiB",0.0,0.0,1.0,0.0,61
CNN,Wed Nov 06 14:21:13 +0000 2019,"Today's top business headlines:

- Elizabeth Warren fires back at JPMorgan CEO 

- SoftBank operating loss tops $6.‚Ä¶ https://t.co/UOFfkrxrwl",0.422,0.238,0.654,0.107,62
CNN,Wed Nov 06 14:19:13 +0000 2019,"The European Union's Copernicus Climate Change Service, which analyzes temperature data from around the planet, sai‚Ä¶ https://t.co/CPQnyCZ3BO",0.0,0.0,1.0,0.0,63
CNN,Wed Nov 06 14:10:02 +0000 2019,Adidas is launching a multi-year partnership with the International Space Station to test products in microgravity‚Ä¶ https://t.co/QQdjvLfR8P,0.0,0.0,1.0,0.0,64
CNN,Wed Nov 06 14:00:11 +0000 2019,"14-year-old Alaina Gassler won a $25,000 prize for creating a prototype designed to eliminate a car's blind spots‚Ä¶ https://t.co/M5fK8lUlkg",0.758,0.385,0.502,0.113,65
CNN,Wed Nov 06 13:50:03 +0000 2019,Newly public cell phone records for President Trump further corroborate allegations of sexual assault against him b‚Ä¶ https://t.co/MSRSJCp1eX,-0.586,0.0,0.817,0.183,66
CNN,Wed Nov 06 13:46:57 +0000 2019,"RT @NewDay: Alisyn Camerota: ""If [President Trump] shot someone on Fifth Avenue, would you vote for him?""
Voter: ""Why did he shoot him?""Six‚Ä¶",-0.414,0.0,0.889,0.111,67
CNN,Wed Nov 06 13:40:08 +0000 2019,"The Senate has unanimously passed a bill that makes animal cruelty a federal felony.

Under the PACT Act, a person‚Ä¶ https://t.co/PgfzO0qHmi",-0.813,0.0,0.684,0.316,68
CNN,Wed Nov 06 13:30:07 +0000 2019,"The cyclist who flipped off President Trump's motorcade in 2017, and lost her job because of it, has won her bid fo‚Ä¶ https://t.co/oENQexbpB9",0.34,0.137,0.778,0.085,69
CNN,Wed Nov 06 13:20:06 +0000 2019,"People who smoke tobacco may be at a higher risk of developing depression and schizophrenia, according to a new stu‚Ä¶ https://t.co/AICZvRKNAN",-0.7,0.0,0.746,0.254,70
CNN,Wed Nov 06 13:10:05 +0000 2019,"The study looked at the eating habits and body weight of only children -- called ""singletons"" by researchers -- and‚Ä¶ https://t.co/pvbkglOwtg",0.0,0.0,1.0,0.0,71
CNN,Wed Nov 06 13:00:03 +0000 2019,"As air pollution in parts of India hits record levels, two mobile air purifier vans have been stationed at the Taj‚Ä¶ https://t.co/XIjdzvZwyg",0.0,0.0,1.0,0.0,72
CNN,Wed Nov 06 12:50:08 +0000 2019,The trial of Roger Stone got off to an unusual start Tuesday as jury selection proceedings were punctuated by his e‚Ä¶ https://t.co/EuT0X8OXNJ,0.0,0.0,1.0,0.0,73
CNN,Wed Nov 06 12:40:07 +0000 2019,AT&amp;T agreed to a $60 million settlement over allegations it misled more than 3.5 million customers by charging them‚Ä¶ https://t.co/i8XIg7UqEE,0.273,0.104,0.896,0.0,74
CNN,Wed Nov 06 12:30:00 +0000 2019,"Egg-like ice balls are piled up on a beach in Hailuoto, Finland, delighting people who braved the cold to visit the‚Ä¶ https://t.co/Ydx858CPzg",0.67,0.224,0.776,0.0,75
CNN,Wed Nov 06 12:28:34 +0000 2019,"Quid, meet pro quo | Analysis by @CillizzaCNN https://t.co/MLm9ZyySwx https://t.co/Qu0nn6mmQj",0.0,0.0,1.0,0.0,76
CNN,Wed Nov 06 12:20:06 +0000 2019,"Grocery chain Kroger says its redesigned logo and new slogan, ""Fresh for Everyone,"" is ""inclusive, clear and memora‚Ä¶ https://t.co/hwcsHm0nh8",0.599,0.224,0.776,0.0,77
CNN,Wed Nov 06 12:10:06 +0000 2019,"A Georgia man who used racial slurs and got into a fight with his targets was then shot and killed by one of them,‚Ä¶ https://t.co/IOLDPsDR3x",-0.796,0.0,0.747,0.253,78
CNN,Wed Nov 06 11:58:37 +0000 2019,Seeing these striking abandoned Cold War sites is like stepping back in time https://t.co/c5hnLUQ92v https://t.co/7f3z6xSJEW,-0.66,0.117,0.561,0.322,79
CNN,Wed Nov 06 11:56:34 +0000 2019,RT @NewDay: A suspect has been arrested in the massacre of nine family members from a Mormon community on the Mexican side of the border wi‚Ä¶,-0.649,0.0,0.806,0.194,80
CNN,Wed Nov 06 11:50:05 +0000 2019,Christmas time has arrived at Starbucks once again. https://t.co/uhexxgBWfa,0.0,0.0,1.0,0.0,81
CNN,Wed Nov 06 11:45:06 +0000 2019,"Rather than walking into a sweetheart deal with the US, the UK is likely to be confronted by a phalanx of hard-nose‚Ä¶ https://t.co/cpyNxm13z3",0.542,0.171,0.757,0.072,82
CNN,Wed Nov 06 11:40:04 +0000 2019,Chinese President Xi Jinping and French President Emmanuel Macron have signed a pact recommitting to the 2015 Paris‚Ä¶ https://t.co/Sc32AySgGz,0.0,0.0,1.0,0.0,83
CNN,Wed Nov 06 11:30:06 +0000 2019,Beaches on the Hawaiian island of Maui were closed for the second straight day after several tiger sharks were spot‚Ä¶ https://t.co/2KANNT4u7p,0.226,0.087,0.913,0.0,84
CNN,Wed Nov 06 11:20:06 +0000 2019,"An Ohio detective is in ""grave condition"" after being shot twice in the face while serving a drug-related search wa‚Ä¶ https://t.co/KYbpgbKZDH",-0.382,0.0,0.88,0.12,85
CNN,Wed Nov 06 11:10:04 +0000 2019,"David Hale, a high-ranking official in the State Department, is one of several witnesses expected to testify before‚Ä¶ https://t.co/dhuhVFRIu2",0.0,0.0,1.0,0.0,86
CNN,Wed Nov 06 11:02:11 +0000 2019,She's finished two marathons. On crutches. While partially paralyzed. https://t.co/Mksbmg2Uyq,0.0,0.0,1.0,0.0,87
CNN,Wed Nov 06 10:54:38 +0000 2019,"Police say he gave his victims cyanide-laced religious offerings or medicine and then stole their cash, gold or sil‚Ä¶ https://t.co/zWpr2dJEx7",-0.318,0.0,0.892,0.108,88
CNN,Wed Nov 06 10:45:49 +0000 2019,It's time. https://t.co/6FDt0kBNT8,0.0,0.0,1.0,0.0,89
CNN,Wed Nov 06 10:44:56 +0000 2019,"RT @cnni: JUST IN: A police order banning global environmental movement Extinction Rebellion from staging protests in London was ""unlawful,‚Ä¶",-0.34,0.0,0.833,0.167,90
CNN,Wed Nov 06 10:39:52 +0000 2019,To create a sense of socio-economic revival -- and compete against the nocturnal glamour of major Western capitals‚Ä¶ https://t.co/a8dlBNfRxw,0.67,0.256,0.744,0.0,91
CNN,Wed Nov 06 10:30:54 +0000 2019,Nine members of an agricultural Mormon-sect community were killed in an ambush in Mexico on Monday. On their way to‚Ä¶ https://t.co/AtyIheNNR7,-0.67,0.0,0.816,0.184,92
CNN,Wed Nov 06 10:24:57 +0000 2019,"Queen Elizabeth II ditched real fur in her outfits and instead opts for fake, according to a book written by her se‚Ä¶ https://t.co/vjq4SxfwSN",-0.477,0.0,0.871,0.129,93
CNN,Wed Nov 06 10:17:32 +0000 2019,"Egg-like ice balls are piled up on a beach in Hailuoto, Finland, delighting people who braved the cold to visit the‚Ä¶ https://t.co/1yg6rxArdJ",0.67,0.224,0.776,0.0,94
CNN,Wed Nov 06 10:08:33 +0000 2019,Tent cities emerged across Austin this summer after the city effectively made it legal for homeless residents to ca‚Ä¶ https://t.co/xFlfKwlpMZ,0.527,0.196,0.804,0.0,95
CNN,Wed Nov 06 09:59:42 +0000 2019,"More than 11,000 researchers from around the world issued a grim warning of the ""untold suffering"" that will be cau‚Ä¶ https://t.co/4E4uLJ0OH1",-0.848,0.0,0.649,0.351,96
CNN,Wed Nov 06 09:51:05 +0000 2019,The US Coast Guard is helping with the search for a missing Air Force airman who fell out of a plane during a jump‚Ä¶ https://t.co/8RwsRA7c00,0.0,0.09,0.82,0.09,97
CNN,Wed Nov 06 09:46:52 +0000 2019,More transcript drama: A diplomat suddenly remembers the quid pro quo | Analysis by CNN's @zbyronwolf‚Ä¶ https://t.co/xhgvTQKb51,0.0,0.0,1.0,0.0,98
CNN,Wed Nov 06 09:37:59 +0000 2019,A suspect has been arrested in the massacre of nine family members from a Mormon community on the Mexican side of t‚Ä¶ https://t.co/9m80PF9aPe,-0.649,0.0,0.782,0.218,99
CNN,Wed Nov 06 09:35:43 +0000 2019,High school students helped a young boy with cerebral palsy transform into The Incredible Hulk for Halloween‚Ä¶ https://t.co/9FvDW2sfxl,0.0,0.0,1.0,0.0,100
FoxNews,Thu Nov 08 19:18:44 +0000 2018,BREAKING: Federal appeals court rules against Trump administration on DACA https://t.co/KHnrNvEKAM,0.0,0.0,1.0,0.0,1
FoxNews,Thu Nov 08 17:02:25 +0000 2018,"Breaking News: Grand jury indicts captain of Missouri duck boat that sank in severe weather, killing 17 people https://t.co/ffOOgzRwdo",-0.612,0.115,0.615,0.269,2
FoxNews,Thu Nov 08 15:14:45 +0000 2018,"JUST IN: Police identify gunman who opened fire inside California bar, killing 12 https://t.co/PvITYr54AX",-0.778,0.0,0.638,0.362,3
FoxNews,Thu Nov 08 14:22:51 +0000 2018,JUST IN: Supreme Court Justice Ruth Bader Ginsburg fractures 3 ribs in fall https://t.co/9UM9hKTz4m,0.791,0.389,0.611,0.0,4
FoxNews,Thu Nov 08 13:43:25 +0000 2018,"Sgt. Ron Helus was fatally shot when he responded to the mass shooting on Nov. 7 at a bar in Thousand Oaks, Califor‚Ä¶ https://t.co/vOH3OWPN5S",-0.637,0.0,0.833,0.167,5
FoxNews,Thu Nov 08 13:35:03 +0000 2018,Tom Homan: ‚ÄúIt‚Äôs a tragedy each and every time.‚Äù https://t.co/dMV68Hfdz0 https://t.co/hrq51VJg7x,-0.66,0.0,0.672,0.328,6
FoxNews,Thu Nov 08 13:22:27 +0000 2018,"People walk away from the scene in Thousand Oaks, Calif. where a gunman opened fire Wednesday.‚Ä¶ https://t.co/O3Oo2iLL8O",-0.34,0.0,0.862,0.138,7
FoxNews,Thu Nov 08 12:56:20 +0000 2018,Teylor Whittler describes what she witnessed at California bar shooting https://t.co/dMV68Hfdz0 https://t.co/YznTZgQoYY,0.0,0.0,1.0,0.0,8
FoxNews,Thu Nov 08 12:37:05 +0000 2018,"An FBI agent talks to a potential witness as they stand near the scene in Thousand Oaks, Calif. where a gunman open‚Ä¶ https://t.co/7QOmXNTYM0",0.0,0.0,1.0,0.0,9
FoxNews,Thu Nov 08 12:25:14 +0000 2018,Ventura County Fire Department Captain Stan Ziegler: ‚ÄúHundreds of first responders responded initially to the scene‚Ä¶ https://t.co/o4gArhmy4e,-0.34,0.0,0.87,0.13,10
FoxNews,Thu Nov 08 12:06:14 +0000 2018,"People comfort each other as they stand near the scene in Thousand Oaks, Calif. where a gunman opened fire during a‚Ä¶ https://t.co/wPI4XSpirC",0.026,0.105,0.795,0.1,11
FoxNews,Thu Nov 08 11:54:22 +0000 2018,"California bar shooting leaves 12 dead, including sheriff's sergeant, police say https://t.co/dMV68Hfdz0 https://t.co/WvjarPpwPV",-0.649,0.0,0.736,0.264,12
FoxNews,Thu Nov 08 11:38:17 +0000 2018,"California bar shooting leaves 12 dead, including sheriff's sergeant, police say https://t.co/GqI77wMuYZ",-0.649,0.0,0.719,0.281,13
FoxNews,Thu Nov 08 11:32:26 +0000 2018,"Sheriff's deputies speak to potential witnesses as they stand near the scene in Thousand Oaks, Calif., where a gunm‚Ä¶ https://t.co/jPE8k9oQHr",0.0,0.0,1.0,0.0,14
FoxNews,Thu Nov 08 11:26:46 +0000 2018,13 dead in country music bar including gunman https://t.co/PvITYr54AX https://t.co/UURBIatqte,-0.649,0.0,0.677,0.323,15
FoxNews,Thu Nov 08 11:18:08 +0000 2018,"12 dead in shooting at Thousand Oaks nightclub, police say https://t.co/PvITYr54AX https://t.co/o8Nf8WuJcZ",-0.649,0.0,0.719,0.281,16
FoxNews,Thu Nov 08 11:13:32 +0000 2018,"Breaking News: At least 12 dead in shooting at Thousand Oaks nightclub, police say https://t.co/u6sVxdzHq5",-0.649,0.0,0.765,0.235,17
FoxNews,Thu Nov 08 11:12:14 +0000 2018,.@CarleyShimkus is live with the ‚ÄòFox News Update‚Äô on Facebook Watch: https://t.co/hNrB8xzepH https://t.co/cQ9uxkjUIK,0.0,0.0,1.0,0.0,18
FoxNews,Thu Nov 08 10:53:33 +0000 2018,"Authorities deliver an update on the shooting in Thousand Oaks, California. (Courtesy: KABC) https://t.co/BtGxxIfNx5",0.0,0.0,1.0,0.0,19
FoxNews,Thu Nov 08 10:36:12 +0000 2018,Pastor Dimas Salaberrios on California shooting: ‚ÄúMy immediate thoughts go out to the families. Because what‚Äôs happ‚Ä¶ https://t.co/iowf5VOL2l,0.0,0.0,1.0,0.0,20
FoxNews,Thu Nov 08 10:30:40 +0000 2018,"Las Vegas shooting survivors were inside Thousand Oaks bar, friends say https://t.co/nW9TLTON9n",0.477,0.22,0.78,0.0,21
FoxNews,Thu Nov 08 10:24:08 +0000 2018,"UPDATE: At least 11 wounded in shooting at California bar, gunman dead, police say https://t.co/awRowfbeRy",-0.649,0.0,0.765,0.235,22
FoxNews,Thu Nov 08 10:16:43 +0000 2018,Authorities confirm gunman is dead @FoxFriendsFirst https://t.co/PvITYr54AX https://t.co/a2EIH1EWmA,-0.649,0.0,0.619,0.381,23
FoxNews,Thu Nov 08 10:10:46 +0000 2018,Ventura County Sheriff‚Äôs Office Captain Garo Kuredjian: ‚ÄúI don‚Äôt know what the condition of any of the victims are‚Ä¶ https://t.co/96mT27WHZv,-0.318,0.0,0.892,0.108,24
FoxNews,Thu Nov 08 10:03:44 +0000 2018,"At least 11 shot, including sheriff‚Äôs deputy ‚Äî Jonathan Hunt has the latest from the scene of the California shooti‚Ä¶ https://t.co/sLzLyMsrn5",0.0,0.0,1.0,0.0,25
FoxNews,Thu Nov 08 09:54:50 +0000 2018,Witnesses describe chaotic scene during Thousand Oaks shooting https://t.co/qE8RqKGjz3,-0.494,0.0,0.714,0.286,26
FoxNews,Thu Nov 08 09:46:19 +0000 2018,UPDATE: At least 11 people hurt in California shooting @FoxFriendsFirst https://t.co/PvITYr54AX https://t.co/RGWIkaxF4f,-0.527,0.0,0.764,0.236,27
FoxNews,Thu Nov 08 09:40:57 +0000 2018,"Daniel Hoffman on California shooting: ‚ÄúThis still an active shooter scene, and the focus is on dealing with that a‚Ä¶ https://t.co/PiwHhe5HuX",0.402,0.119,0.881,0.0,28
FoxNews,Thu Nov 08 09:31:36 +0000 2018,"Former Las Vegas Metro Police Lt. Randy Sutton: ‚ÄúThose who respond to this show incredible bravery, because they ar‚Ä¶ https://t.co/idcJJuVRMP",0.494,0.144,0.856,0.0,29
FoxNews,Thu Nov 08 09:25:02 +0000 2018,"Authorities deliver a briefing on a shooting in Thousand Oaks, California. (Courtesy: KCBS) https://t.co/5VGZz3rDIL",0.0,0.0,1.0,0.0,30
FoxNews,Thu Nov 08 09:18:00 +0000 2018,"Mass shooting at California bar, @HeatherChilders &amp; @JackieibanezFNC have the latest @FoxFriendsFirst‚Ä¶ https://t.co/8c8H5LUFCu",0.0,0.0,1.0,0.0,31
FoxNews,Thu Nov 08 09:10:00 +0000 2018,Tesla names Robyn Denholm as Chairman to replace Elon Musk (via @FoxBusiness) https://t.co/SKjBXxUdOD,0.0,0.0,1.0,0.0,32
FoxNews,Thu Nov 08 09:01:00 +0000 2018,@marcthiessen: ‚ÄúThe president today made very clear that he wants to cut deals with the Democrats. And quite frankl‚Ä¶ https://t.co/3eA2dn4vQh,0.201,0.126,0.783,0.091,33
FoxNews,Thu Nov 08 09:00:00 +0000 2018,".@TuckerCarlson: ""While everyone else obsessed over dossiers and FISA warrants, Sessions worried about the mission‚Ä¶ https://t.co/LSvnOqZMsq",-0.44,0.0,0.782,0.218,34
FoxNews,Thu Nov 08 08:51:00 +0000 2018,"Wife's dying wish was for him to clean up bloody crime scene, suspect claims: reports https://t.co/7Wxd39jDEB",-0.494,0.216,0.44,0.344,35
FoxNews,Thu Nov 08 08:41:00 +0000 2018,DEVELOPING: Massive police response after reports of shooting at California nightclub https://t.co/awRowfsPJ6,0.0,0.0,1.0,0.0,36
FoxNews,Thu Nov 08 08:31:00 +0000 2018,".@senatemajldr Mitch McConnell said Wednesday that Democrats and Republicans will have to address health care ""on a‚Ä¶ https://t.co/XxmktKMZ7F",0.494,0.158,0.842,0.0,37
FoxNews,Thu Nov 08 08:21:00 +0000 2018,"Joseph diGenova on who could replace AG Sessions: ""@ChrisChristie would have the full confidence of @POTUS, which i‚Ä¶ https://t.co/lt485btkXG",0.511,0.155,0.845,0.0,38
FoxNews,Thu Nov 08 08:06:00 +0000 2018,Dem @GavinNewsom's wild victory party in LA features controversial rapper @common https://t.co/V9SSpxOUH7,0.226,0.186,0.69,0.124,39
FoxNews,Thu Nov 08 08:01:00 +0000 2018,".@jasoninthehouse: ‚ÄúAttorney General @jeffsessions is a patriot. He was a good Republican, and I applaud him for hi‚Ä¶ https://t.co/MRia8l8dOM",0.71,0.296,0.704,0.0,40
FoxNews,Thu Nov 08 07:51:00 +0000 2018,"Devotees lit earthen lamps in Ayodhya, India as part of Diwali celebrations, also known as a festival of lights, on‚Ä¶ https://t.co/uWGZnrkvqD",0.572,0.207,0.793,0.0,41
FoxNews,Thu Nov 08 07:41:00 +0000 2018,".@TGowdySC on Jeff Sessions resigning: ""It was going to happen...He's been a proverbial dead man walking for severa‚Ä¶ https://t.co/ojKL4KMFTz",-0.735,0.0,0.721,0.279,42
FoxNews,Thu Nov 08 07:31:00 +0000 2018,Mob chants threats outside @TuckerCarlson‚Äôs DC home https://t.co/IJE8m5gjWi,-0.422,0.0,0.714,0.286,43
FoxNews,Thu Nov 08 07:21:00 +0000 2018,".@TuckerCarlson: ""Supporting marriage and children is the best, maybe the only way, for Republicans or any of us to‚Ä¶ https://t.co/fqPwC8XTaY",0.796,0.283,0.717,0.0,44
FoxNews,Thu Nov 08 07:16:00 +0000 2018,.@KennedyNation: Dems in 2020 better without Nancy https://t.co/54vTCiffG4,0.44,0.293,0.707,0.0,45
FoxNews,Thu Nov 08 07:11:00 +0000 2018,Battleground-state Dems who opposed Kavanaugh all defeated https://t.co/guqMSVjd74,-0.477,0.0,0.693,0.307,46
FoxNews,Thu Nov 08 07:01:00 +0000 2018,".@Jim_Jordan on his run for House GOP leader: ‚ÄúWe have to match [@POTUS‚Äôs] intensity, that‚Äôs what I want to do. If‚Ä¶ https://t.co/2VOW1ykCsI",0.077,0.061,0.939,0.0,47
FoxNews,Thu Nov 08 06:51:00 +0000 2018,.@senatemajldr: Dem Votes Against Kavanaugh Were a 'Godsend' to GOP in Midterms https://t.co/ietr8sP4EQ,0.0,0.0,1.0,0.0,48
FoxNews,Thu Nov 08 06:41:00 +0000 2018,.@marcthiessen: ‚ÄúThere‚Äôs lots of things that Democrats could take a stand on that they find inherently unacceptable‚Ä¶ https://t.co/c7UFDzFd60,0.0,0.0,1.0,0.0,49
FoxNews,Thu Nov 08 06:36:00 +0000 2018,".@DarrellIssa on the Mueller probe: ""Two years is a long time to look for a crime you can't prove.""‚Ä¶ https://t.co/plX9kxpSXy",-0.542,0.0,0.829,0.171,50
FoxNews,Thu Nov 08 06:31:00 +0000 2018,"Second teen dies of gunshot wound after Oklahoma mom's rampage, authorities say https://t.co/VUQxsa3mq3",0.0,0.0,1.0,0.0,51
FoxNews,Thu Nov 08 06:21:00 +0000 2018,.@marcthiessen: ‚ÄúThe president today made very clear that he wants to cut deals with the Democrats. And quite frank‚Ä¶ https://t.co/MGVdJQVfUt,0.201,0.126,0.783,0.091,52
FoxNews,Thu Nov 08 06:11:00 +0000 2018,"Florida Highway Patrol cruiser hits 142 mph in pursuit, catches on fire https://t.co/GqWKI45AAm",-0.34,0.0,0.833,0.167,53
FoxNews,Thu Nov 08 06:01:00 +0000 2018,Democratic strategist @LeslieMarshall: ‚ÄúWhat we need is not a wall ‚Äî and not a wall that we can‚Äôt afford ‚Äî but comp‚Ä¶ https://t.co/TzRWVJQeVv,0.0,0.0,1.0,0.0,54
FoxNews,Thu Nov 08 05:51:00 +0000 2018,"Sex offender gets 22 years after missing boy, 14, found in his room at halfway house, authorities say https://t.co/sDd0VQzob4",-0.572,0.0,0.783,0.217,55
FoxNews,Thu Nov 08 05:41:00 +0000 2018,".@POTUS touts Senate gains, @LelandVittert breaks down the results @foxnewsnight https://t.co/VMzif8sgHH",0.318,0.192,0.72,0.088,56
FoxNews,Thu Nov 08 05:31:00 +0000 2018,Former Kavanaugh colleague among group being considered to replace Sessions as AG: reports https://t.co/HxAlDZx2Mg,0.0,0.0,1.0,0.0,57
FoxNews,Thu Nov 08 05:26:00 +0000 2018,"Too close to call: Meticulous vote count transpiring in Arizona Senate race, @aacuna1 reports @foxnewsnight https://t.co/DV6EX4Ogxe",0.0,0.0,1.0,0.0,58
FoxNews,Thu Nov 08 05:21:01 +0000 2018,"Former SEAL Mocked by 'SNL' Wins TX House Seat, Calls for More Vets in Congress https://t.co/T0PAhopphH‚Ä¶ https://t.co/qhS5BVOE2U",0.684,0.298,0.603,0.099,59
FoxNews,Thu Nov 08 05:11:00 +0000 2018,South Carolina voter told to remove 'Trump' shirt in order to vote: report https://t.co/xWY2EdSpDF,0.0,0.0,1.0,0.0,60
FoxNews,Thu Nov 08 05:01:00 +0000 2018,.@POTUS: ‚ÄúHopefully we can all work together next year to continue delivering for the American people.‚Äù‚Ä¶ https://t.co/FdLczQZN4g,0.0,0.0,1.0,0.0,61
FoxNews,Thu Nov 08 04:55:00 +0000 2018,Former US Attorney Harry Litman on Whitaker &amp; Mueller probe: ‚ÄúI think most people think it‚Äôs unlikely that he would‚Ä¶ https://t.co/6W1eHbZ7zZ,0.0,0.0,1.0,0.0,62
FoxNews,Thu Nov 08 04:50:00 +0000 2018,Pete Davidson's 'SNL' castmate Kenan Thompson talks Dan Crenshaw joke: 'They are figuring out a way to right that w‚Ä¶ https://t.co/MlIJF907FK,0.296,0.104,0.896,0.0,63
FoxNews,Thu Nov 08 04:45:00 +0000 2018,".@jasoninthehouse: ‚ÄúAttorney General @jeffsessions is a patriot. He was a good Republican, and I applaud him for hi‚Ä¶ https://t.co/lqmOqmHcJZ",0.71,0.296,0.704,0.0,64
FoxNews,Thu Nov 08 04:35:00 +0000 2018,"Tom Dupree on Acting Attorney General Matthew Whitaker: ‚ÄúCalls for him to recuse from Russia, I think, are meritles‚Ä¶ https://t.co/74TWeQngjg",0.0,0.0,1.0,0.0,65
FoxNews,Thu Nov 08 04:25:00 +0000 2018,"Cabinet shakeup expected after @jeffsessions pushed out, @edhenry reports @foxnewsnight https://t.co/6UTwyCpZRV https://t.co/MY7kH6s4T7",-0.153,0.0,0.873,0.127,66
FoxNews,Thu Nov 08 04:14:15 +0000 2018,"New reactions to Sessions resignation, Catherine Herridge has the story @foxnewsnight https://t.co/6UTwyCHBgv https://t.co/FaiATyMSgC",-0.296,0.0,0.845,0.155,67
FoxNews,Thu Nov 08 04:05:00 +0000 2018,MLB star @Bharper3407 rejects $300M offer from Nationals: Reports (via @FoxBusiness) https://t.co/Bgfoyi7fNH,-0.494,0.0,0.775,0.225,68
FoxNews,Thu Nov 08 03:55:00 +0000 2018,Doug Schoen: Trump shouldn‚Äôt have fired Jeff Sessions ‚Äì here‚Äôs why https://t.co/0ITTpZyqyx,-0.557,0.0,0.735,0.265,69
FoxNews,Thu Nov 08 03:52:26 +0000 2018,"Joseph diGenova on who could replace AG Sessions: ""@ChrisChristie would have the full confidence of @POTUS, which i‚Ä¶ https://t.co/3eoxyIurd3",0.511,0.155,0.845,0.0,70
FoxNews,Thu Nov 08 03:48:00 +0000 2018,‚ÄòBrady Bunch‚Äô cast to take part in TV home‚Äôs renovation: report https://t.co/rebtV4qkql,0.0,0.0,1.0,0.0,71
FoxNews,Thu Nov 08 03:42:00 +0000 2018,".@TuckerCarlson: Dems' Election Message Was All 'Trump', No Substance https://t.co/CscvHQkfAX",-0.296,0.0,0.804,0.196,72
FoxNews,Thu Nov 08 03:35:00 +0000 2018,"11-year-old in North Carolina charged with putting needles in Halloween candy, police say https://t.co/Dm3F07wpIt",-0.202,0.0,0.878,0.122,73
FoxNews,Thu Nov 08 03:29:00 +0000 2018,Rhino rescue? Scientists may hold key to saving northern white rhinoceros from extinction  https://t.co/VUifTtCbTk,0.511,0.202,0.798,0.0,74
FoxNews,Thu Nov 08 03:23:02 +0000 2018,"RT @FoxBusiness: Rick Scott: ""Socialism will not happen in our nation, and it's not going to happen under my watch."" https://t.co/CLNOuNnGNo",0.0,0.0,1.0,0.0,75
FoxNews,Thu Nov 08 03:23:00 +0000 2018,"Democrat Colin Allred, who unseated Rep. Pete Sessions, won't say if he'll back Pelosi https://t.co/mNox8bKgiA",0.0,0.0,1.0,0.0,76
FoxNews,Thu Nov 08 03:16:01 +0000 2018,Surveillance video shows Michigan woman reportedly reversing car into store https://t.co/tJr2cUsZ8a,0.0,0.0,1.0,0.0,77
FoxNews,Thu Nov 08 03:11:00 +0000 2018,".@senatemajldr Mitch McConnell said Wednesday that Democrats and Republicans will have to address health care ""on a‚Ä¶ https://t.co/xF54bEhvOA",0.494,0.158,0.842,0.0,78
FoxNews,Thu Nov 08 03:04:00 +0000 2018,Woman finds her diamond before proposal and 'ring shames' herself https://t.co/uoLHUxHeBD,-0.077,0.17,0.638,0.191,79
FoxNews,Thu Nov 08 03:01:47 +0000 2018,McDonald's customers‚Äô $5M lawsuit over unwanted Quarter Pounder cheese dismissed by judge https://t.co/yBEvL4cAFK,-0.422,0.0,0.743,0.257,80
FoxNews,Thu Nov 08 02:46:10 +0000 2018,Trump neuters ObamaCare birth control coverage mandate with limits on plans covering abortion https://t.co/ZXX1uDaqXl,0.0,0.0,1.0,0.0,81
FoxNews,Thu Nov 08 02:38:00 +0000 2018,The New York Police Department gathered about 20 saluting officers and held an aviation flyover to honor an Emergen‚Ä¶ https://t.co/AUnS1mBlzM,0.494,0.144,0.856,0.0,82
FoxNews,Thu Nov 08 02:33:06 +0000 2018,"RT @FoxBusiness: .@KellyannePolls: ""Many people want to work in @POTUS' administration."" https://t.co/to6mCzFkA7",0.077,0.106,0.894,0.0,83
FoxNews,Thu Nov 08 02:21:04 +0000 2018,"A trooper took this beautiful photo of a double rainbow over a New York State Police squad car, Tuesday. https://t.co/j9V1h3Ja5p",0.683,0.224,0.776,0.0,84
FoxNews,Thu Nov 08 02:16:29 +0000 2018,Jeff Sessions' departure leads to questions about Russia probe's future https://t.co/5iWsDcmrYO,0.0,0.0,1.0,0.0,85
FoxNews,Thu Nov 08 02:07:37 +0000 2018,".@TuckerCarlson: ""While everyone else obsessed over dossiers and FISA warrants, Sessions worried about the mission‚Ä¶ https://t.co/9Kv1DtfGKv",-0.44,0.0,0.782,0.218,86
FoxNews,Thu Nov 08 02:04:34 +0000 2018,South Carolina voter told to remove 'Trump' shirt in order to vote: report https://t.co/HXoKJGWYxV,0.0,0.0,1.0,0.0,87
FoxNews,Thu Nov 08 02:00:56 +0000 2018,Virginia drug-dealing mom gets 10-day jail sentence after providing marijuana to three children https://t.co/PiU3CthxVx,0.077,0.091,0.909,0.0,88
FoxNews,Thu Nov 08 01:42:53 +0000 2018,".@TuckerCarlson: ""Supporting marriage and children is the best, maybe the only way, for Republicans or any of us to‚Ä¶ https://t.co/WrELn434wB",0.796,0.283,0.717,0.0,89
FoxNews,Thu Nov 08 01:39:30 +0000 2018,Fox News Channel tops all broadcast and cable news networks in total viewers for midterm election coverage.‚Ä¶ https://t.co/H418QSswpI,0.511,0.163,0.837,0.0,90
FoxNews,Thu Nov 08 01:37:28 +0000 2018,"Sacha Baron Cohen revives 'Borat' character to talk politics, midterm election https://t.co/taa4Z5RCj1",0.382,0.191,0.809,0.0,91
FoxNews,Thu Nov 08 01:25:49 +0000 2018,"Violinist claims Southwest Airlines forced him to leave flight after he refused to check $80,000 instrument https://t.co/S5TxSoH3uu",-0.66,0.0,0.686,0.314,92
FoxNews,Thu Nov 08 01:13:00 +0000 2018,"'Take Their Word For It': Jim Jordan Warns of Congressional Investigations By Nadler, Waters, Schiff https://t.co/ZXsUPobdbG",-0.103,0.0,0.915,0.085,93
FoxNews,Thu Nov 08 01:05:46 +0000 2018,"Former Governor John Sununu: ""What really made a big difference in the House races around the country last night is‚Ä¶ https://t.co/HYFtiI57mO",0.0,0.0,1.0,0.0,94
FoxNews,Thu Nov 08 01:01:04 +0000 2018,"Georgia posts private information of 300,000 absentee voters (via @keiperjourno) https://t.co/5H4ETZthYC",-0.273,0.0,0.826,0.174,95
FoxNews,Thu Nov 08 00:58:26 +0000 2018,"CNN's Jim Acosta press pass suspended by White House, Sarah Sanders announces https://t.co/5iiXWRUrCI",-0.477,0.0,0.795,0.205,96
FoxNews,Thu Nov 08 00:53:56 +0000 2018,"BREAKING: CNN's Jim Acosta press pass suspended by White House, Sarah Sanders announces https://t.co/eBITlnvfUj",-0.477,0.0,0.807,0.193,97
FoxNews,Thu Nov 08 00:50:10 +0000 2018,".@GovChrisSununu: ""I don't think last night was a referendum on the president. I think last night was really a refe‚Ä¶ https://t.co/lsznjxEPqK",0.0,0.0,1.0,0.0,98
FoxNews,Thu Nov 08 00:32:49 +0000 2018,Dershowitz on Sessions' Departure: Not All GOP Senators Will Allow Trump to Demand 'Loyalty' From New AG https://t.co/lrq24Ih7lc,0.103,0.098,0.825,0.077,99
FoxNews,Thu Nov 08 00:29:01 +0000 2018,"RT @MikeEmanuelFox: Democrats gear up for 2020 presidential race - from #SpecialReport tonight: 

https://t.co/2rYNfdShiO",0.0,0.0,1.0,0.0,100
nytimes,Wed Nov 06 22:55:04 +0000 2019,"Voters in Tuscon, Arizona, on Tuesday overwhelmingly rejected an initiative to become a sanctuary city for migrants‚Ä¶ https://t.co/LLwN5DRhkb",-0.586,0.0,0.758,0.242,1
nytimes,Wed Nov 06 22:50:03 +0000 2019,20 minutes is all you need to make these green beans https://t.co/2G7TiqPQ4T,0.0,0.0,1.0,0.0,2
nytimes,Wed Nov 06 22:45:16 +0000 2019,Jeff Sessions plans to run for his former Alabama U.S. Senate seat. The ex-attorney general was forced out by Presi‚Ä¶ https://t.co/nKAzGG0pCJ,-0.459,0.0,0.87,0.13,3
nytimes,Wed Nov 06 22:41:07 +0000 2019,"Breaking News: 2 former Twitter employees were charged with using their access to spy for Saudi Arabia, renewing fo‚Ä¶ https://t.co/Ekyan1HKk7",-0.202,0.0,0.909,0.091,4
nytimes,Wed Nov 06 22:40:05 +0000 2019,"Several gates were closed at Amsterdam's Schiphol airport after a ""false alarm"" on a plane raised security concerns‚Ä¶ https://t.co/CG7NwB6ZbN",0.0,0.121,0.758,0.121,5
nytimes,Wed Nov 06 22:30:09 +0000 2019,The U.S. Senate unanimously passed a bill that would make animal cruelty a federal felony punishable with fines and‚Ä¶ https://t.co/c5DBsmNOgS,-0.883,0.0,0.593,0.407,6
nytimes,Wed Nov 06 22:20:10 +0000 2019,"At two news conferences on Wednesday, Mexican government officials offered few new details about the massacre of si‚Ä¶ https://t.co/NCORspyPQR",0.0,0.0,1.0,0.0,7
nytimes,Wed Nov 06 22:10:04 +0000 2019,"The U.S. House Intelligence Committee will hold the first of a series of public impeachment hearings next week, Dem‚Ä¶ https://t.co/Jz3a4ZWDba",0.477,0.147,0.853,0.0,8
nytimes,Wed Nov 06 22:00:12 +0000 2019,"RT @nytimesbusiness: Uber's chief executive, Dara Khosrowshahi, claims the company is on a ‚Äústrong path‚Äù to execute its goals. ‚ÄúThank God w‚Ä¶",0.273,0.095,0.905,0.0,9
nytimes,Wed Nov 06 21:50:04 +0000 2019,"""I knew this was brotherhood, and I knew it would end. I savored it consciously ‚Äî the warm blanket of safety, the s‚Ä¶ https://t.co/plSCd2z8fS",0.572,0.198,0.802,0.0,10
nytimes,Wed Nov 06 21:40:05 +0000 2019,"About 10 hours after the massacre that claimed the lives of his grandchildren, Kenneth Miller drove through the nor‚Ä¶ https://t.co/96OdtKcXHe",0.0,0.0,1.0,0.0,11
nytimes,Wed Nov 06 21:30:06 +0000 2019,RT @ConorDougherty: Tech money for housing is a nice but symbolic gesture that won't amount to much in a state where a single unit of *affo‚Ä¶,0.226,0.079,0.921,0.0,12
nytimes,Wed Nov 06 21:23:53 +0000 2019,Democrats withdrew their subpoena of a former top Trump national security aide who had asked a judge to rule on whe‚Ä¶ https://t.co/j1v7V3LeQx,0.494,0.189,0.811,0.0,13
nytimes,Wed Nov 06 21:15:07 +0000 2019,"Critic's Notebook: ""The Louvre does not have an overcrowding problem per se. It has a Mona Lisa problem,"" writes‚Ä¶ https://t.co/nQin4XF0Wa",-0.402,0.0,0.87,0.13,14
nytimes,Wed Nov 06 21:03:50 +0000 2019,"Gov. Matt Bevin of Kentucky, who trails his Democratic opponent by about 5,100 votes in Kentucky's governor electio‚Ä¶ https://t.co/QPbdJ5YR6k",0.0,0.0,1.0,0.0,15
nytimes,Wed Nov 06 20:50:05 +0000 2019,"RT @andrewrsorkin: Dennis Muilenburg, Boeing‚Äôs C.E.O., told me that he ""thought about"" resigning in the wake of the company's 737 Max crisi‚Ä¶",-0.226,0.0,0.917,0.083,16
nytimes,Wed Nov 06 20:40:07 +0000 2019,"‚ÄúDo a Frank Pentangeli,‚Äù Roger Stone texted an associate set to testify about him before a Congressional committee‚Ä¶ https://t.co/YMtqv02Y6p",0.0,0.0,1.0,0.0,17
nytimes,Wed Nov 06 20:30:14 +0000 2019,"RT @jsf: The Mus√©e du Louvre hit 10 million visitors last year, more than any museum ever. 80% of visitors come for one painting, and every‚Ä¶",0.0,0.0,1.0,0.0,18
nytimes,Wed Nov 06 20:20:02 +0000 2019,"‚ÄúThe landscape has changed."" Virginia Gov. Ralph Northam pledged a major policy push, including gun control and cri‚Ä¶ https://t.co/K3lU4IusSv",-0.34,0.0,0.876,0.124,19
nytimes,Wed Nov 06 20:10:05 +0000 2019,Sandra Bullock and Ellen DeGeneres are suing pop-up websites over false advertising and the unauthorized use of the‚Ä¶ https://t.co/jgO7pLvAq2,-0.273,0.0,0.896,0.104,20
nytimes,Wed Nov 06 20:05:05 +0000 2019,"RT @nytimesbusiness: RIGHT NOW: Valerie Jarrett, the chairwoman of When We All Vote, talks about the importance of every voice https://t.co‚Ä¶",0.361,0.111,0.889,0.0,21
nytimes,Wed Nov 06 20:02:57 +0000 2019,"The U.S. House committees leading the impeachment inquiry released the testimony transcript of William Taylor, the‚Ä¶ https://t.co/lybClyyZRK",0.0,0.0,1.0,0.0,22
nytimes,Wed Nov 06 20:00:15 +0000 2019,Simply getting more sleep is not always the answer to parents' exhaustion. ‚ÄúKids bring an intensity of demands that‚Ä¶ https://t.co/LwVDSuAsHX,-0.361,0.0,0.884,0.116,23
nytimes,Wed Nov 06 19:50:23 +0000 2019,"Follow more live coverage from today's @dealbook conference here: https://t.co/3pDz06c5RG 

https://t.co/kBv52kRLm8",0.0,0.0,1.0,0.0,24
nytimes,Wed Nov 06 19:30:09 +0000 2019,"A New York law may soon¬†bring electric scooters¬†to the streets of New York City. But a mile away in New Jersey, Hob‚Ä¶ https://t.co/ngMPk9yGgA",0.0,0.0,1.0,0.0,25
nytimes,Wed Nov 06 19:20:06 +0000 2019,"The federal authorities in Puerto Rico arrested Senator Abel Nazario Qui√±ones and 7 other people on Wednesday, accu‚Ä¶ https://t.co/xYMx3Q1TqW",-0.477,0.0,0.846,0.154,26
nytimes,Wed Nov 06 19:10:35 +0000 2019,"The California lawsuit, seeking documents and internal correspondence between top Facebook executives, is the first‚Ä¶ https://t.co/Rc2gLrPttQ",-0.026,0.102,0.791,0.107,27
nytimes,Wed Nov 06 19:09:39 +0000 2019,"In a lawsuit, California‚Äôs attorney general accused Facebook of resisting or ignoring dozens of subpoenas in the st‚Ä¶ https://t.co/dkaW220E6I",-0.7,0.0,0.688,0.312,28
nytimes,Wed Nov 06 19:00:08 +0000 2019,"A federal judge in the U.S. has voided the Trump administration's ""conscience"" rule that protected health care work‚Ä¶ https://t.co/CXYuEBeLMH",0.727,0.276,0.724,0.0,29
nytimes,Wed Nov 06 18:50:07 +0000 2019,The Virginia cyclist who lost her job after giving the middle finger to President Trump‚Äôs motorcade has found a new‚Ä¶ https://t.co/cOMJQuPK8l,0.026,0.106,0.793,0.101,30
nytimes,Wed Nov 06 18:40:08 +0000 2019,"After Democratic wins in Tuesday's election, Virginia is likely to be the 38th state to ratify the Equal Rights Ame‚Ä¶ https://t.co/WzH6kxbmtI",0.572,0.156,0.844,0.0,31
nytimes,Wed Nov 06 18:31:06 +0000 2019,"RT @TaylorLorenz: I did so much reporting for this story, I interviewed slews of college students, former I'm Shmacked interns, business as‚Ä¶",0.0,0.0,1.0,0.0,32
nytimes,Wed Nov 06 18:30:07 +0000 2019,"RT @TaylorLorenz: I wrote about how I'm Shmacked exploited thousands of college students for YEARS, promising them Instagram fame, milking‚Ä¶",0.382,0.228,0.65,0.122,33
nytimes,Wed Nov 06 18:23:45 +0000 2019,Follow more live coverage from today's @dealbook conference here: https://t.co/lV8WPRfCRS,0.0,0.0,1.0,0.0,34
nytimes,Wed Nov 06 18:10:05 +0000 2019,Airbnb's CEO said the company plans to verify every property listed on the platform as part of a series of initiati‚Ä¶ https://t.co/lLuQYQL7AT,0.0,0.0,1.0,0.0,35
nytimes,Wed Nov 06 18:00:13 +0000 2019,"The case of Rodney Reed, who is set to be put to death in Texas this month, has drawn high-profile attention from c‚Ä¶ https://t.co/QsMnijz0ma",-0.599,0.0,0.855,0.145,36
nytimes,Wed Nov 06 17:50:08 +0000 2019,"Amy Klobuchar sees humor as a strategy, a way she can charm voters and undercut President Trump on the debate stage‚Ä¶ https://t.co/mEl9bT8T57",0.586,0.211,0.789,0.0,37
nytimes,Wed Nov 06 17:40:07 +0000 2019,RT @andrewrsorkin: America‚Äôs most important business leaders are set to provide their insights on the hot-button issues of our time with me‚Ä¶,0.272,0.091,0.909,0.0,38
nytimes,Wed Nov 06 17:31:35 +0000 2019,"Rep. Ayanna Pressley endorsed Elizabeth Warren, her home state senator and longtime ally, for president. It's Warre‚Ä¶ https://t.co/AXCh55V37d",0.25,0.105,0.895,0.0,39
nytimes,Wed Nov 06 17:20:06 +0000 2019,President Trump will help kick off New York City‚Äôs Veterans Day Parade on Monday at Madison Square Park in Manhatta‚Ä¶ https://t.co/oLeeJOeldJ,0.402,0.119,0.881,0.0,40
nytimes,Wed Nov 06 17:10:03 +0000 2019,RT @carlzimmer: Cancer cells have broken free of their hosts to become a new kind of parasite‚Äîand we‚Äôve spread them around the world. I‚Äôve‚Ä¶,-0.637,0.107,0.649,0.244,41
nytimes,Wed Nov 06 17:00:13 +0000 2019,"The 2019 DealBook conference is happening now. 

Follow @DealBook for live updates as America‚Äôs most important busi‚Ä¶ https://t.co/cpiQeFzxD2",0.272,0.11,0.89,0.0,42
nytimes,Wed Nov 06 16:50:06 +0000 2019,"Joe Pesci's performance in ""The Irishman"" shows, finally, what Hollywood has been missing for all those years it wr‚Ä¶ https://t.co/681HaOW0Jr",-0.296,0.0,0.896,0.104,43
nytimes,Wed Nov 06 16:42:07 +0000 2019,RT @dealbook: The 2019 #DealBook conference is here. Follow along for highlights throughout the day. https://t.co/YJ880v4iWe,0.0,0.0,1.0,0.0,44
nytimes,Wed Nov 06 16:36:31 +0000 2019,Breaking News: The first public hearings in the impeachment inquiry against President Trump will begin next Wednesd‚Ä¶ https://t.co/Haqh3d6dEe,0.0,0.0,1.0,0.0,45
nytimes,Wed Nov 06 16:20:05 +0000 2019,"In Boston‚Äôs elections on Tuesday, voters backed progressive women and candidates of color, ushering in a City Counc‚Ä¶ https://t.co/OqJQFep5ic",0.026,0.061,0.939,0.0,46
nytimes,Wed Nov 06 16:00:08 +0000 2019,"‚ÄúAt times, last night‚Äôs ABC telecast of ‚ÄòThe Little Mermaid Live!‚Äô seemed as caught between two worlds as its heroi‚Ä¶ https://t.co/tccKG3Maot",0.0,0.0,1.0,0.0,47
nytimes,Wed Nov 06 15:40:04 +0000 2019,"Democrats won big in Virginia; in Kentucky, Gov. Matt Bevin refused to concede; and across the U.S., a handful of c‚Ä¶ https://t.co/MbaZt1xfer",0.361,0.149,0.763,0.088,48
nytimes,Wed Nov 06 15:20:07 +0000 2019,"RT @JessGrose: The article I was born to publish: ""Why Are Kids So Obsessed With Poop Jokes?"" by @jennymarder https://t.co/vGjng8PSg4",-0.305,0.0,0.889,0.111,49
nytimes,Wed Nov 06 14:59:00 +0000 2019,It took nearly 30 minutes for police in Florida to dispatch an officer when a woman called for help after a shootin‚Ä¶ https://t.co/tkT5LlMtcJ,0.402,0.119,0.881,0.0,50
nytimes,Wed Nov 06 14:26:45 +0000 2019,"Voters decided to strip the Rev. Dr. Martin Luther King Jr.‚Äôs name from a street in Kansas City, Missouri, 9 months‚Ä¶ https://t.co/cMNh6SyeqI",0.0,0.0,1.0,0.0,51
nytimes,Wed Nov 06 14:00:11 +0000 2019,"A new Gang Starr album would have been unthinkable a few years ago. Now, a new project may be just the first of 2 r‚Ä¶ https://t.co/hrbmly9kBa",0.0,0.0,1.0,0.0,52
nytimes,Wed Nov 06 13:40:07 +0000 2019,"A Human Rights Watch official, citing Palestinian rights, urged companies not to do business in Israel's West Bank‚Ä¶ https://t.co/oI4RGElT4a",0.0,0.0,1.0,0.0,53
nytimes,Wed Nov 06 13:20:05 +0000 2019,Surveillance footage of the memorial to Emmett Till showed white supremacists filming propaganda. After a security‚Ä¶ https://t.co/78XGt6BFvA,-0.459,0.0,0.778,0.222,54
nytimes,Wed Nov 06 13:10:04 +0000 2019,"In Opinion

Kaushik Basu writes, ""Countries with strong governments often end up with weak economies, and India, af‚Ä¶ https://t.co/vwmLkhHFjU",0.103,0.142,0.733,0.125,55
nytimes,Wed Nov 06 13:00:15 +0000 2019,"President Trump exchanged several calls in 2007 and 2008 with a woman who accused him of sexually assaulting her, i‚Ä¶ https://t.co/flwNIkgh4Q",-0.67,0.0,0.766,0.234,56
nytimes,Wed Nov 06 12:45:06 +0000 2019,Daniel Cameron became the first black person to be elected attorney general of Kentucky. He is also the first Repub‚Ä¶ https://t.co/YeW6VUNwwP,0.0,0.0,1.0,0.0,57
nytimes,Wed Nov 06 12:30:08 +0000 2019,Tuesday‚Äôs race for governor in Kentucky is drawing outsized attention because of what it may tell us about the poli‚Ä¶ https://t.co/ZL9k5VbgsI,0.0,0.0,1.0,0.0,58
nytimes,Wed Nov 06 12:15:06 +0000 2019,"RT @nytimestech: Throwing Huawei and a handful of Chinese technology surveillance companies out of the country, American leaders now have c‚Ä¶",0.0,0.0,1.0,0.0,59
nytimes,Wed Nov 06 12:00:06 +0000 2019,Morning briefing: Here's what you need to know to start your day https://t.co/9pgtXJv4Fi,0.0,0.0,1.0,0.0,60
nytimes,Wed Nov 06 11:40:04 +0000 2019,Democrats won complete control of the Virginia government for the first time in a generation as Republicans struggl‚Ä¶ https://t.co/0NseMeaoUS,0.572,0.179,0.821,0.0,61
nytimes,Wed Nov 06 11:20:04 +0000 2019,Critics say an American University program presents too favorable a perspective on Russia by focusing on the glorie‚Ä¶ https://t.co/r4mFMSfruO,0.226,0.146,0.751,0.103,62
nytimes,Wed Nov 06 11:10:03 +0000 2019,"RT @nytimesworld: Junius Ho, a pro-Beijing lawmaker was stabbed in Hong Kong while canvassing for votes on Wednesday. The politician did no‚Ä¶",-0.44,0.0,0.873,0.127,63
nytimes,Wed Nov 06 11:00:13 +0000 2019,Here's a rundown of the bits worth watching from late-night TV https://t.co/Aw5emmguTt,0.226,0.16,0.84,0.0,64
nytimes,Wed Nov 06 10:40:06 +0000 2019,"Melpomeni Dina, a 92-year-old Greek woman, was reunited with the 2 surviving members and 40 descendants of the Jewi‚Ä¶ https://t.co/Cr7M1wc8OB",0.296,0.115,0.885,0.0,65
nytimes,Wed Nov 06 10:20:04 +0000 2019,SoftBank‚Äôs chief executive defended his decision to invest in WeWork after the bet dealt his company a nearly $4.6‚Ä¶ https://t.co/YgC6B3uj8E,0.0,0.0,1.0,0.0,66
nytimes,Wed Nov 06 10:00:04 +0000 2019,News Analysis: Why has Australia become such an intense climate battleground? The forces defining the conflict are‚Ä¶ https://t.co/T2jwjUVFou,-0.572,0.061,0.704,0.235,67
nytimes,Wed Nov 06 09:40:05 +0000 2019,Italy‚Äôs education minister said that its public schools would soon require students in every grade to study climate‚Ä¶ https://t.co/YdsZSfcTtQ,0.0,0.0,1.0,0.0,68
nytimes,Wed Nov 06 09:20:03 +0000 2019,"After years of serving as a relatively cheap place to live in an expensive city, Amsterdam‚Äôs houseboats ‚Äî or rather‚Ä¶ https://t.co/KIGEWjPChB",0.0,0.0,1.0,0.0,69
nytimes,Wed Nov 06 09:10:04 +0000 2019,"Gunmen killed at least 15 people at a security checkpoint in southern Thailand on Tuesday night, the worst outbreak‚Ä¶ https://t.co/crK8ExnJLO",-0.802,0.089,0.593,0.319,70
nytimes,Wed Nov 06 09:00:06 +0000 2019,"6 months after King Maha Vajiralongkorn‚Äôs coronation in Thailand, aide after aide has been ousted and denounced, ev‚Ä¶ https://t.co/P4Pc1uR9mG",0.0,0.0,1.0,0.0,71
nytimes,Wed Nov 06 08:40:04 +0000 2019,"Police in Australia‚Äôs most populous state have strip-searched girls as young as 12 years old, new statistics show,‚Ä¶ https://t.co/xdsULv371n",0.0,0.0,1.0,0.0,72
nytimes,Wed Nov 06 08:20:02 +0000 2019,"Invasive grasses, or grasses that have encroached from other regions, can make wildfires more frequent, not just in‚Ä¶ https://t.co/MAkFHxqnd3",0.0,0.0,1.0,0.0,73
nytimes,Wed Nov 06 08:00:10 +0000 2019,Europe morning briefing: Here's what you need to know to start your day https://t.co/CMJdHlpPlo,0.0,0.0,1.0,0.0,74
nytimes,Wed Nov 06 07:40:05 +0000 2019,All Harley-Davidson did in exchange for the enormous exposure to Katy Perry's fan base was provide motorcycles for‚Ä¶ https://t.co/s23xzOoMBp,0.318,0.113,0.887,0.0,75
nytimes,Wed Nov 06 07:29:49 +0000 2019,RT @livia_ar: Why Is Australia trying to shut down climate activism? By @damiencave and me: https://t.co/bYP00fozHK,0.0,0.0,1.0,0.0,76
nytimes,Wed Nov 06 07:20:24 +0000 2019,"SoftBank Group of Japan said it took a multibillion-dollar write-down related to its stakes in WeWork and Uber, 2 f‚Ä¶ https://t.co/FFIC8vboDi",0.0,0.0,1.0,0.0,77
nytimes,Wed Nov 06 07:00:09 +0000 2019,A 23-year-old man who was charged with capital murder in connection with a mass shooting at a homecoming party in T‚Ä¶ https://t.co/suk24CZVzO,-0.586,0.107,0.635,0.258,78
nytimes,Wed Nov 06 06:40:07 +0000 2019,"Junius Ho, a pro-Beijing lawmaker who many protesters accuse of supporting mob attacks on demonstrators, was stabbe‚Ä¶ https://t.co/bqFQgTXRTF",-0.402,0.129,0.578,0.293,79
nytimes,Wed Nov 06 06:30:05 +0000 2019,"In a matter of days, President Trump will ask the Supreme Court to rule on his bold claim that he is absolutely imm‚Ä¶ https://t.co/Cu7SYw1crR",0.743,0.267,0.733,0.0,80
nytimes,Wed Nov 06 06:20:05 +0000 2019,A man pleaded guilty to attacking a 17-year-old Syrian refugee who was speaking Arabic on a San Diego Trolley car https://t.co/SyXNcFjx1a,-0.7,0.0,0.734,0.266,81
nytimes,Wed Nov 06 06:00:02 +0000 2019,Shelly Simonds finally won the seat she lost in 2017 when her Republican opponent‚Äôs name was randomly drawn from a‚Ä¶ https://t.co/OFilG0pCYP,0.34,0.148,0.76,0.092,82
nytimes,Wed Nov 06 05:50:05 +0000 2019,"RT @austinramzy: Junius Ho, who many Hong Kong protesters accuse of supporting mob attacks on demonstrators, was stabbed while campaigning‚Ä¶",-0.681,0.106,0.547,0.347,83
nytimes,Wed Nov 06 05:40:06 +0000 2019,Details remain murky as Mexican officials try to determine how an attack that killed 9 members of a Mormon family u‚Ä¶ https://t.co/WUX59urKWm,-0.822,0.0,0.703,0.297,84
nytimes,Wed Nov 06 05:30:06 +0000 2019,RT @jmartNYT: NEW: Democrats claim total control of Virginia thanks to the suburban shift away from the GOP and Trump isn‚Äôt enough to save‚Ä¶,0.44,0.112,0.888,0.0,85
nytimes,Wed Nov 06 05:20:05 +0000 2019,RT @nytopinion: Walter Mercado's message of hope was a salve for those struggling to find their footing in a foreign country that at times‚Ä¶,0.026,0.113,0.778,0.109,86
nytimes,Wed Nov 06 05:00:09 +0000 2019,The September encounter between the Florida deputy and the teenager was captured on school surveillance footage https://t.co/FweQdPgOPX,0.0,0.0,1.0,0.0,87
nytimes,Wed Nov 06 04:55:10 +0000 2019,"RT @nytgraphics: See how each precinct in Kentucky voted in the tightly-contested governor's race, which AP says is too close to call. http‚Ä¶",0.0,0.0,1.0,0.0,88
nytimes,Wed Nov 06 04:40:04 +0000 2019,New York City residents approved a ranked-choice system for primary and special elections that will let voters pick‚Ä¶ https://t.co/45T57E3kv9,0.67,0.256,0.744,0.0,89
nytimes,Wed Nov 06 04:20:05 +0000 2019,"RT @julieturkewitz: NEW: Attack in n. Mexico leaves 3 women and 6 children dead. All were part of the LeBar√≥n family, Mexican-American citi‚Ä¶",-0.813,0.0,0.72,0.28,90
nytimes,Wed Nov 06 04:10:03 +0000 2019,"Andy Beshear, a Democrat, claimed victory in Kentucky's governor's race with a 5,300-vote lead and all precincts re‚Ä¶ https://t.co/cqD7U8BGqP",0.0,0.0,1.0,0.0,91
nytimes,Wed Nov 06 03:55:04 +0000 2019,"Jersey City passed a referendum severely restricting short-term rentals like Airbnb, squeezing a market popular wit‚Ä¶ https://t.co/BF4vWQeZvl",-0.077,0.242,0.502,0.256,92
nytimes,Wed Nov 06 03:45:04 +0000 2019,"RT @katieglueck: here's our story on Biden's escalating attacks on Warren tonight
https://t.co/eeULVsD4q8",-0.44,0.0,0.805,0.195,93
nytimes,Wed Nov 06 03:33:00 +0000 2019,See full results from the New York elections here: https://t.co/PtM7WTQBqA,0.0,0.0,1.0,0.0,94
nytimes,Wed Nov 06 03:30:10 +0000 2019,Jumaane Williams coasted to re-election as New York City public advocate on Tuesday https://t.co/A1NVQNDLjG,0.0,0.0,1.0,0.0,95
nytimes,Wed Nov 06 03:25:05 +0000 2019,"RT @luisferre: BREAKING: Jersey City overwhelmingly voted to restrict short-term rentals, even after Airbnb outspent its opponents by milli‚Ä¶",-0.477,0.0,0.806,0.194,96
nytimes,Wed Nov 06 03:15:00 +0000 2019,See full results from the Virginia elections here: https://t.co/8qwYTLZyZS,0.0,0.0,1.0,0.0,97
nytimes,Wed Nov 06 03:11:15 +0000 2019,Voters gave Virginia Democrats unified power for the first time in a generation as a leftward swing in the suburbs‚Ä¶ https://t.co/8dx07xOLQk,0.382,0.126,0.874,0.0,98
nytimes,Wed Nov 06 03:00:14 +0000 2019,"New Jersey election live results
https://t.co/6yPaT06r60",0.0,0.0,1.0,0.0,99
nytimes,Wed Nov 06 02:50:06 +0000 2019,"The first College Football Playoff rankings of the season put Penn State in the critical top 4 instead of Clemson,‚Ä¶ https://t.co/Rb6D6FQ1Qx",-0.128,0.081,0.814,0.104,100
